date,country,node1,node2,orderCode,status,resistR,reactX,susceptanceB,currentLimA,elementName
2007-05-01,BE,BAALNO31,BSTGIL3R,6,0,0.6001,3.1201,22.30222,959,DI 150 136 A
2007-05-01,BE,BAALNO32,BSTGIL3U,7,0,0.6001,3.1201,22.30222,959,DI 150 137 A
2007-05-01,BE,BAALST31,BNINO+3R,9,0,0.7340,3.6221,25.88445,898,DI 150 159 A
2007-05-01,BE,BAALTR31,BEEKLN31,5,0,1.0899,6.5601,46.40000,959,DI 150 165 A
2007-05-01,BE,BAALTR32,BEEKLN32,6,0,1.0899,6.5601,46.40000,959,DI 150 166 A
2007-05-01,BE,BACHEN11,BACHES11,1,0,0.0144,0.1444,0,2317,DI 380 200 A
2007-05-01,BE,BACHEN11,BGRAMM1A,1,0,1.1436,12.104,141.4737,2223,DI   380  10
2007-05-01,BE,BACHEN11,XAC_LO11,9,0,0.7844,9.5413,94.12199,2148,DI   380  19
2007-05-01,BE,BACHEN12,BACHEN11,1,2,0,0,0,999999,ACHEN380 //
2007-05-01,BE,BAIRLI31,BPEMA+32,2,0,0.2601,0.9099,6.257778,704,DI 150 42 AI
2007-05-01,BE,BALEGR11,BLIXHE11,5,0,0.0033,0.0500,24.53406,1591,DI 380 115 A
2007-05-01,BE,BALEGR11,XLI_OB1B,1,0,0.0009,0.0500,7.445575,1635,DI 380 F 1 A
2007-05-01,BE,BALZ  31,BLANLO32,2,0,0.0450,0.3110,2.800000,1143,DI 150 252 A
2007-05-01,BE,BALZ  33,BLANLO31,3,0,0.0081,0.0500,0.320000,959,DI 150 253 A
2007-05-01,BE,BALZ  34,BLANLO31,4,0,0.0081,0.0500,0.320000,959,DI 150 254 A
2007-05-01,BE,BALZ  32,BLANLO31,1,0,0.0511,0.3510,2.924444,959,DI 150 251 A
2007-05-01,BE,BAMERC3C,BGOUY 31,6,0,0.1179,1.0301,1108.418,1501,DI 150 406 A
2007-05-01,BE,BAMERC31,BDAMPR3R,9,0,0.1849,0.9338,17.79915,1265,DI 150 89 AM
2007-05-01,BE,BAMERC31,BGOUY 32,8,0,0.4021,1.9710,47.80444,1265,DI 150 88 AM
2007-05-01,BE,BAMOCO31,BCAMOC31,1,0,0.2000,0.1899,73.77778,385,DI 150 321 A
2007-05-01,BE,BAMOCO31,BHEZE 31,2,0,0.2430,1.8976,13.23222,1143,DI 150 142 A
2007-05-01,BE,BAMOCO31,BMEERH32,6,0,0.2740,1.9310,14.00000,1143,DI 150 156 A
2007-05-01,BE,BANDUM31,BLANLO31,1,0,0.0590,0.4180,15.20000,2461,DI 150 391 A
2007-05-01,BE,BANDUM30,BANDUM31,1,2,0,0,0,999999,ANDUM150 391
2007-05-01,BE,BANDUM30,BANDUM32,1,2,0,0,0,999999,ANDUM150 //
2007-05-01,BE,BANDUM32,BANDUM31,1,2,0,0,0,999999,ANDUM150 391
2007-05-01,BE,BANDUM32,BANDUM33,1,2,0,0,0,999999,ANDUM150 T 2
2007-05-01,BE,BANDUM1R,BZUTE+1R,2,0,0.2092,1.9776,22.96728,2120,DI   380  12
2007-05-01,BE,BANS  31,BAWIRS31,6,0,0.8600,4.6752,42.77959,1057,DI 150 426 A
2007-05-01,BE,BANS  31,BLIXHE31,1,0,0.7555,4.6068,99.68917,1187,DI 150 151 A
2007-05-01,BE,BANS  32,BANS  31,1,2,0,0,0,999999,ANS  150 //
2007-05-01,BE,BANS  32,BBRESS31,2,0,1.1792,5.1909,44.80824,704,DI 150 152 A
2007-05-01,BE,BANS  32,BGRAMM3A,4,0,1.5654,9.5394,77.04900,1120,DI 150 294 A
2007-05-01,BE,BANTOI31,BGAURA3R,6,0,0.7890,2.8238,19.50338,724,DI 150 76 AN
2007-05-01,BE,BANTOI31,BGAURA32,4,0,0.7821,2.8019,19.34222,722,DI 150 44 AN
2007-05-01,BE,BANTOI31,BMARQ+3R,1,0,1.6339,3.9301,26.72000,551,DI 150 50 AN
2007-05-01,BE,BATOFI3A,BMALEC31,3,0,0.0200,0.0500,4.576000,616,DI 150 333 A
2007-05-01,BE,BATOFI3A,BPP3  3A,3,0,0.0044,0.0500,1.702222,616,DI 150 333 A
2007-05-01,BE,BATOFI3B,BMALEC32,4,0,0.0227,0.0511,5.192000,616,DI 150 334 A
2007-05-01,BE,BATOFI3B,BPP3  3B,4,0,0.0044,0.0500,1.702222,616,DI 150 334 A
2007-05-01,BE,BAUBAN23,XAU_MO22,3,0,0.4404,3.4752,13.71395,1292,DI   220 513
2007-05-01,BE,BAUBAN21,BBIFF+22,2,0,0.5837,4.2367,26.10859,1050,DI 220 512 A
2007-05-01,BE,BAUBAN21,BESCH 2C,1,0,0.8818,6.1772,43.01818,1037,DI 220 511 A
2007-05-01,BE,BAUBAN21,BVILLE22,6,0,4.0119,14.160,154.1570,1127,DI 220 506 A
2007-05-01,BE,BAUBAN21,XAU_M.21,4,8,0.1068,0.8066,6.263595,1292,DI   220 514
2007-05-01,BE,BAUBAN22,BAUBAN21,1,2,0,0,0,999999,AUBAN220 //
2007-05-01,BE,BAUBAN22,BHEINS23,7,0,1.6030,4.4102,48.97934,1127,DI 220 507 A
2007-05-01,BE,BAUBAN22,BLATO+2R,5,0,1.1940,6.1691,43.40083,943,DI 220 515 A
2007-05-01,BE,BAUBAN22,BSMARD21,6,0,1.6199,8.3979,59.00000,943,DI 220 516 A
2007-05-01,BE,BAUBAN11,BBRUME12,3,0,3.5493,32.883,379.3569,2317,DI 380 13 AU
2007-05-01,BE,BAUVEL3R,BTERGN31,6,0,0.6620,2.0189,13.93778,653,DI 150 96 AU
2007-05-01,BE,BAUVEL33,BTERGN31,F,0,0.2529,1.5869,12.88000,1000,DI 150 176 A
2007-05-01,BE,BAUVEL32,BTERGN32,7,0,0.3200,1.8700,12.99556,1000,DI 150 177 A
2007-05-01,BE,BAVERN3R,BAVERN31,1,2,0,0,0,38486,AVERN150 T1/
2007-05-01,BE,BAVERN3S,BAVERN31,1,2,0,0,0,38486,AVERN150 T2/
2007-05-01,BE,BAVERN31,BLANDN3R,9,0,0.1199,0.6201,582.7822,1132,DI 150 259 A
2007-05-01,BE,BAVERN31,BTIBIS31,1,0,0.3800,3.0211,5484.000,2117,DI 150 180 A
2007-05-01,BE,BAVERN32,BAVERN31,1,2,0,0,0,999999,AVERN150 //
2007-05-01,BE,BAVERN32,BTIEN+3R,6,0,0.4079,2.1231,1999.556,1024,DI 150 46 AV
2007-05-01,BE,BAVERN32,BTIEN+32,1,0,0.4079,2.1231,1999.556,1024,DI 150 260 A
2007-05-01,BE,BAVLGM31,BRUIEN33,7,0,0.0260,0.2643,6.702400,2284,DI 150 167 A
2007-05-01,BE,BAVLGM32,BRUIEN32,1,0,0.0331,0.3449,4.177778,2461,DI 150 290 A
2007-05-01,BE,BAVLGM11,BHORTA11,1,0,0.6749,12.188,147.3664,4340,DI   380 101
2007-05-01,BE,BAVLGM11,BIZGEM12,7,0,0.7061,7.4756,87.64957,2317,DI 380 47 AV
2007-05-01,BE,BAVLGM11,XAV_AV11,1,8,0.5705,6.5764,77.30835,2461,DI   380  80
2007-05-01,BE,BAVLGM12,BAVLGM11,1,2,0,0,0,999999,AVLGM380 //
2007-05-01,BE,BAVLGM12,BHORTA12,2,0,0.7132,12.165,147.0880,4340,DI   380 102
2007-05-01,BE,BAVLGM12,BIZGEM1R,6,0,0.7061,7.4756,87.64957,2317,DI 380 46 AV
2007-05-01,BE,BAVLGM12,XAV_MA11,9,0,0.6537,11.804,142.6495,4260,DI   380  79
2007-05-01,BE,BAWIRS31,BTIHA+3R,3,0,0.6032,4.0739,46.84934,1257,DI 150 293 A
2007-05-01,BE,BAWIRS21,BLEVAL21,1,0,0.3301,2.6402,18.64876,1158,DI 220 521 A
2007-05-01,BE,BAWIRS21,BRIMIE22,5,0,0.4719,3.1291,20.06198,1035,DI 220 535 A
2007-05-01,BE,BBAISY31,BBASSW3R,5,0,1.4400,6.6400,1020.000,942,DI 150 245 B
2007-05-01,BE,BBAISY31,BBRAIN31,9,8,0.3141,2.2959,1121.129,1116,DI 150 349 B
2007-05-01,BE,BBAISY31,BCORBA3R,6,0,1.1041,5.3890,38.77333,959,DI 150 246 B
2007-05-01,BE,BBAISY31,BGOUY 32,8,0,2.3846,10.524,73.40544,978,DI 150 348 B
2007-05-01,BE,BBAISY31,BVIEU+3R,7,0,0.5931,3.1500,22.16000,959,DI 150 347 B
2007-05-01,BE,BBALEN32,BBALEN3_,1,0,0.0160,0.0490,0.311111,735,DI 150 110 B
2007-05-01,BE,BBALEN32,BMOL  32,1,0,0.6799,3.5019,25.03111,959,DI 150 110 B
2007-05-01,BE,BBALEN32,BOVERP31,1,0,1.8740,5.8430,37.11111,735,DI 150 110 B
2007-05-01,BE,BBALEN3R,BBALEN31,1,2,0,0,0,38486,BALEN150 109
2007-05-01,BE,BBALEN3R,BLOMME31,9,0,0.7479,3.0800,21.58222,735,DI 150 109 B
2007-05-01,BE,BBALEN3R,BMOL  31,9,0,0.6799,3.5001,24.99556,959,DI 150 109 B
2007-05-01,BE,BBALEN31,BUMBAL3R,1,0,0.0594,0.2131,1.466667,735,DI 150 301 B
2007-05-01,BE,BBALEN3_,BUMBAL32,2,0,0.0594,0.2131,1.466667,735,DI 150 302 B
2007-05-01,BE,BBALEN3_,BUMBAL33,4,0,0.0590,0.2113,1.457778,735,DI 150 304 B
2007-05-01,BE,BBASCO3R,BFONT+3,3,0,1.2960,3.9552,27.30240,632,DI 150 73 BA
2007-05-01,BE,BBASCO3R,BVHAIN33,3,0,2.3254,7.3306,46.55696,734,DI 150 73 BA
2007-05-01,BE,BBASCO32,BFONTA3R,2,0,1.2513,3.9857,26.36104,632,DI 150 412 B
2007-05-01,BE,BBASCO32,BVHAIN34,2,0,2.0230,6.9190,47.78700,735,DI 150 412 B
2007-05-01,BE,BBASF 3_,BZANDV30,1,0,0.1129,0.3885,2.187500,731,DI 150 111 B
2007-05-01,BE,BBASF 34,BZANDV32,2,0,0.1059,0.3681,146.2180,507,DI 150 112 B
2007-05-01,BE,BBASF 31,BZANDV30,4,0,0.0428,0.2327,179.1440,1097,DI 150 104 B
2007-05-01,BE,BBASF 3B,BBASF 31,1,2,0,0,0,999999,BASF 150 //
2007-05-01,BE,BBASF 3B,BZANDV30,7,0,0.0498,0.2221,198.4343,962,DI 150 197 B
2007-05-01,BE,BBASF 32,BBASF 31,1,2,0,0,0,999999,BASF 150 //
2007-05-01,BE,BBASF 32,BZANDV32,6,0,0.0531,0.2163,196.5691,962,DI 150 196 B
2007-05-01,BE,BBASF 3A,BBASF 3B,1,7,0,0,0,999999,BASF 150 //
2007-05-01,BE,BBASF 3A,BBASF 32,1,2,0,0,0,999999,BASF 150 //
2007-05-01,BE,BBASF 3A,BNORDL31,2,0,0.0220,0.1220,345.9181,2078,DI 150 382 B
2007-05-01,BE,BBASTO2R,BSENO+2R,1,0,0.1302,0.4501,4.900826,1127,DI 220 501 B
2007-05-01,BE,BBATTI3R,BCHER+3R,8,0,0.2181,1.3471,1228.473,1130,DI 150 318 B
2007-05-01,BE,BBATTI3R,BEUPEN32,8,0,1.9125,6.4025,116.7093,670,DI 150 318 B
2007-05-01,BE,BBAUDO31,BCHIEV31,3,0,2.0709,7.0040,48.41778,714,DI 150 313 B
2007-05-01,BE,BBAUDO31,BJEMAP3R,7,0,0.4700,1.5901,11.00444,714,DI 150 87 BA
2007-05-01,BE,BBAUDO31,BQUAR+32,1,0,0.4110,1.1720,9.667924,704,DI 150 41 BA
2007-05-01,BE,BBAUDO31,BTERTR3R,7,8,0.2601,0.9801,6.995555,735,DI 150 337 B
2007-05-01,BE,BBAUDO32,BBAUDO31,1,2,0,0,0,999999,BAUDO150 //
2007-05-01,BE,BBAUDO32,BCHIEV31,4,0,2.0709,7.0040,48.41778,714,DI 150 314 B
2007-05-01,BE,BBAUDO32,BQUAR+3R,2,0,0.4098,1.4001,9.667865,704,DI 150 42 BA
2007-05-01,BE,BBAYMI3R,BLILLO35,9,0,0.0151,0.0801,2.284444,959,DI 150 249 B
2007-05-01,BE,BBEERS31,BBEERS32,1,2,0,0,0,999999,BEERS150 //
2007-05-01,BE,BBEERS31,BPOEDE3R,3,0,1.7149,5.4413,52.09176,734,DI 150 23 BE
2007-05-01,BE,BBEERS31,BRIJKE31,3,0,0.1577,1.0249,860.0393,1130,DI 150 473 B
2007-05-01,BE,BBEERS32,BPOEDE3U,4,0,1.1402,3.5853,22.79153,734,DI 150 24 BE
2007-05-01,BE,BBEERS32,BRIJKE31,4,8,0.1936,0.9200,691.8320,1130,DI 150 474 B
2007-05-01,BE,BBERIN31,BESSO+32,7,0,0.6599,4.8800,34.59555,1143,DI 150 147 B
2007-05-01,BE,BBERIN31,BGODSH31,8,0,1.3619,10.801,75.80444,1143,DI 150 208 B
2007-05-01,BE,BBERIN31,BHERCU3R,7,0,0.2200,1.1200,8.000000,959,DI 150 217 B
2007-05-01,BE,BBERIN31,BHOUT+3R,1,0,1.2600,4.5099,31.60000,735,DI 150 211 B
2007-05-01,BE,BBERIN31,BMOL  31,3,0,2.7202,7.7260,53.26980,1464,DI 150 13 BE
2007-05-01,BE,BBERIN31,BSTALE31,2,0,2.5601,9.1501,64.00000,735,DI 150 212 B
2007-05-01,BE,BBERIN31,BTESSE31,9,0,0.7299,3.5800,25.79556,959,DI 150 209 B
2007-05-01,BE,BBERIN32,BBERIN31,1,2,0,0,0,999999,BERIN150 //
2007-05-01,BE,BBERIN32,BESSO+3R,6,0,0.6599,4.8800,34.59555,1143,DI 150 146 B
2007-05-01,BE,BBERIN32,BHERCU32,8,0,0.2200,1.1200,8.000000,959,DI 150 218 B
2007-05-01,BE,BBERIN32,BMOL  32,4,0,2.7202,7.7260,53.26980,1464,DI 150 14 BE
2007-05-01,BE,BBERIN32,BSIKE+3R,7,0,1.7701,14.020,98.19556,1143,DI 150 207 B
2007-05-01,BE,BBERIN32,BTESSE32,1,0,0.7299,3.5800,25.79556,959,DI 150 210 B
2007-05-01,BE,BBERNE21,BJUPIL22,1,0,1.2104,6.3546,264.9352,942,DI 220 531 B
2007-05-01,BE,BBERNE21,BLIXHE27,1,0,0.3250,1.8200,241.9040,942,DI 220 541 B
2007-05-01,BE,BBERST32,BKOKSI32,4,0,1.1700,6.1400,43.60000,959,DI 150 194 B
2007-05-01,BE,BBERST32,BSTAD+32,4,0,1.1930,6.2640,44.52444,959,DI 150 194 B
2007-05-01,BE,BBERST3R,BKOKSI31,5,0,1.1731,6.2516,42.75750,959,DI 150 195 B
2007-05-01,BE,BBERST3R,BSTAD+3R,5,0,1.1911,6.3005,44.44787,959,DI 150 195 B
2007-05-01,BE,BBIFF+22,BSCHIF24,2,0,0.5301,2.9287,379.5490,1050,DI 220 512 B
2007-05-01,BE,BBIFF+22,XAU_SA21,2,8,0.0881,0.3079,2.137795,1050,DI 220 512 B
2007-05-01,BE,BBINCH31,BGOUY 31,9,0,2.4462,6.5081,39.79756,567,DI 150 59 BI
2007-05-01,BE,BBLANC31,BDAMPR31,5,0,0.1060,0.2140,72.40000,635,DI 150 335 B
2007-05-01,BE,BBLANC32,BDAMPR32,6,0,0.1060,0.2140,72.40000,616,DI 150 336 B
2007-05-01,BE,BBLTOR31,BBRUGG31,5,0,0.2320,2.4280,16.80889,1509,DI 150 285 B
2007-05-01,BE,BBLTOR31,BHBRUG31,1,0,0.0470,0.2200,110.3822,1116,DI 150 281 B
2007-05-01,BE,BBLTOR31,BHBRUG33,3,0,0.0470,0.2200,110.3822,1116,DI 150 283 B
2007-05-01,BE,BBLTOR31,BZEEBR32,4,0,0.1254,0.8011,610.2658,1347,DI 150 144 B
2007-05-01,BE,BBLTOR31,BZEEBR32,5,0,0.1254,0.8011,610.2658,1347,DI 150 145 B
2007-05-01,BE,BBLTOR32,BBLTOR31,1,2,0,0,0,999999,BLTOR150 //
2007-05-01,BE,BBLTOR32,BBRUGG31,7,8,0.1350,2.8530,663.1556,1097,DI 150 387 B
2007-05-01,BE,BBLTOR32,BBRUGG32,6,0,0.2320,2.4280,16.80889,1509,DI 150 286 B
2007-05-01,BE,BBLTOR32,BHBRUG32,2,0,0.0470,0.2200,110.3822,1116,DI 150 282 B
2007-05-01,BE,BBOLAL32,BBOTCC32,1,0,0.1200,0.4104,2.802800,689,DI 150 90 BO
2007-05-01,BE,BBOTCC3R,BBO_HF31,2,0,0.1163,0.3899,2.573200,592,DI 150 82 BO
2007-05-01,BE,BBOTCC3R,BLACRO34,2,0,0.1230,0.4490,3.145956,559,DI 150 82 BO
2007-05-01,BE,BBOTCC32,BLACRO35,1,0,0.1350,0.5101,3.697778,559,DI 150 90 BO
2007-05-01,BE,BBRAIN31,BRHODE31,1,0,0.2401,1.0501,498.0000,1116,DI 150 31 BR
2007-05-01,BE,BBRAIN31,BVIEU+32,6,0,0.6799,3.4769,28.08889,959,DI 150 346 B
2007-05-01,BE,BBRAIN31,BWATER3R,1,0,0.3350,0.6901,158.0000,616,DI 150 660 B
2007-05-01,BE,BBRESS31,BCHERA34,1,0,0.1166,0.3944,2.722000,704,DI 150 40 BR
2007-05-01,BE,BBRESS31,BFIBER3R,8,0,0.9590,2.6681,721.4222,555,DI 150 298 B
2007-05-01,BE,BBRESS31,BJUPIL3R,6,0,0.0270,0.2790,1.928889,1509,DI 150 276 B
2007-05-01,BE,BBRESS31,BPRECH32,2,0,2.2140,7.6120,52.18667,714,DI 150 170 B
2007-05-01,BE,BBRESS32,BBRESS31,1,2,0,0,0,999999,BRESS150 //
2007-05-01,BE,BBRESS32,BCHER+3R,8,0,0.7257,2.3659,16.85040,704,DI 150 318 B
2007-05-01,BE,BBRESS32,BCHERA3R,9,0,0.7880,2.6660,18.39528,704,DI 150 39 BR
2007-05-01,BE,BBRESS32,BJUPIL32,7,0,0.0338,0.2094,2.069457,1453,DI 150 296 B
2007-05-01,BE,BBRESS32,BPRECH31,1,0,2.2140,7.6120,52.18667,714,DI 150 171 B
2007-05-01,BE,BBRUEG31,BKOBB+3R,1,0,0.1760,0.8800,6.195556,898,DI 150 161 B
2007-05-01,BE,BBRUEG31,BTERL+3R,1,0,1.4111,4.2333,28.65778,735,DI 150 1 BRU
2007-05-01,BE,BBRUEG3B,BBRUEG31,1,7,0,0,0,999999,BRUEG150 //
2007-05-01,BE,BBRUEG3B,BDILB+31,1,0,0.1800,0.8800,6.195556,898,DI 150 61 BR
2007-05-01,BE,BBRUEG3B,BDROGE31,A,0,0.8800,4.3999,30.99556,898,DI 150 60 BR
2007-05-01,BE,BBRUEG3B,BMOLEN3A,2,0,0.3519,0.8901,890.5778,808,DI 150 162 B
2007-05-01,BE,BBRUEG3B,BNINO+3R,9,0,1.2130,6.3601,45.10222,959,DI 150 159 B
2007-05-01,BE,BBRUEG32,BBRUEG31,A,2,0,0,0,999999,BRUEG150 //
2007-05-01,BE,BBRUEG32,BRELE+3R,1,0,0.3628,1.9765,14.95341,898,DI 150 160 B
2007-05-01,BE,BBRUEG32,BTERL+32,2,0,1.5347,4.2436,28.63400,735,DI 150 0 BRU
2007-05-01,BE,BBRUEG3A,BBRUEG3B,B,2,0,0,0,999999,BRUEG150 //
2007-05-01,BE,BBRUEG3A,BBRUEG32,2,7,0,0,0,999999,BRUEG150 //
2007-05-01,BE,BBRUEG3A,BDROGE33,2,0,0.7281,4.2901,30.72000,1143,DI 150 2 BRU
2007-05-01,BE,BBRUEG3A,BDROGE33,3,0,0.6971,4.3000,30.72000,1143,DI 150 353 B
2007-05-01,BE,BBRUEG3A,BEIZE+3R,5,0,0.4083,2.4688,16.25782,906,DI 150 155 B
2007-05-01,BE,BBRUEG1A,BBUGG+1R,6,0,0.4996,5.2504,61.80055,2317,DI   380  36
2007-05-01,BE,BBRUEG1A,BMEKI+1R,3,0,0.4505,4.6251,54.18005,2119,DI   380  33
2007-05-01,BE,BBRUEG12,BBRUEG1A,1,2,0,0,0,999999,BRUEG380 //
2007-05-01,BE,BBRUEG12,BBUGG+12,5,0,0.6094,5.1103,59.80055,2119,DI   380  35
2007-05-01,BE,BBRUEG12,BCOURC12,4,0,1.4657,15.514,182.5997,2317,DI   380  34
2007-05-01,BE,BBRUGG31,BEEKLN31,1,0,0.6312,3.8170,2885.340,1130,DI 150 241 B
2007-05-01,BE,BBRUGG31,BSLYKE31,5,0,1.8639,6.9759,243.4222,617,DI 150 15 BR
2007-05-01,BE,BBRUGG31,BZEDEL32,9,0,0.8800,6.2001,44.40000,1143,DI 150 149 B
2007-05-01,BE,BBRUGG32,BBRUGG31,1,2,0,0,0,999999,BRUGG150 //
2007-05-01,BE,BBRUGG32,BEEKLN32,2,0,0.6011,3.7869,2965.467,1130,DI 150 240 B
2007-05-01,BE,BBRUGG32,BSLYKE32,6,0,1.8639,6.9759,243.4222,617,DI 150 16 BR
2007-05-01,BE,BBRUGG32,BZEDEL3R,8,0,0.8800,6.2001,44.40000,1143,DI 150 148 B
2007-05-01,BE,BBRUME21,BBRUMS2R,1,0,0.0048,0.0500,0,1141,DI 220 600 B
2007-05-01,BE,BBRUME21,BHOUF+2R,4,8,1.6229,8.1399,96.23967,1319,DI 220 504 B
2007-05-01,BE,BBRUME11,BCOO  11,3,0,0.0621,0.6556,7.720222,2119,DI 380 3 BRU
2007-05-01,BE,BBRUME11,BGRAMM1C,2,0,1.3732,14.530,170.3795,2461,DI 380 2 BRU
2007-05-01,BE,BBRUME12,BBRUME11,1,2,0,0,0,999999,BRUME380 //
2007-05-01,BE,BBRUME12,BCOO  12,4,0,0.0621,0.6556,7.720222,2119,DI 380 4 BRU
2007-05-01,BE,BBRUME12,BGRAMM1A,1,0,1.3732,14.530,164.0000,2119,DI 380 1 BRU
2007-05-01,BE,BBRUST3R,BGODSH31,9,0,1.4301,7.4000,52.80000,959,DI 150 259 B
2007-05-01,BE,BBRUST3R,BLANDN3R,9,0,0.4079,1.8839,1636.062,1097,DI 150 259 B
2007-05-01,BE,BBUGG+12,BMERCA11,5,0,0.5906,5.0006,58.59972,2223,DI   380  35
2007-05-01,BE,BBUGG+12,BVERBT12,5,0,0.6585,6.9095,83.45846,2458,DI   380  35
2007-05-01,BE,BBUGG+1R,BMERCA12,6,0,0.4794,5.0843,58.80055,2317,DI   380  36
2007-05-01,BE,BBUGG+1R,BVERBT11,6,0,0.6729,7.1175,83.45846,2317,DI   380  36
2007-05-01,BE,BBUIZI31,BCLABE3S,2,8,1.0899,3.6099,24.80000,714,DI 150 32 BU
2007-05-01,BE,BBUIZI31,BCLABE3R,1,0,1.0899,3.6099,24.80000,714,DI 150 331 B
2007-05-01,BE,BBUIZI31,BDROGE31,4,0,0.7988,3.3297,25.95734,704,DI 150 644 B
2007-05-01,BE,BBURCH31,BPETRO31,6,8,0.0749,0.2120,412.3289,1001,DI 150 126 B
2007-05-01,BE,BBURCH31,BZWIJN31,5,0,0.2000,0.6001,14.19556,1428,DI 150 125 B
2007-05-01,BE,BBVERW3A,BBVERW3R,1,2,0,0,0,38486,BVERW150 +T2
2007-05-01,BE,BBVERW3R,BKALLO31,4,0,0.1670,1.6246,10.68195,1509,DI 150 124 B
2007-05-01,BE,BBVERW3R,BMERCA31,4,0,0.3400,3.7199,26.00000,1509,DI 150 124 B
2007-05-01,BE,BBVERW32,BKALLO31,9,0,0.1064,0.7008,599.1077,1135,DI 150 129 B
2007-05-01,BE,BBVREN31,BRUMBE3R,5,0,0.3538,1.8426,13.04359,898,DI 150 275 B
2007-05-01,BE,BBVREN31,BSTAD+3R,5,0,0.7921,4.1896,29.64480,959,DI 150 195 B
2007-05-01,BE,BBVREN32,BBVREN31,1,2,0,0,0,999999,BVREN150 //
2007-05-01,BE,BBVREN32,BMZLR+3R,8,0,0.8080,4.1751,29.83111,959,DI 150 168 B
2007-05-01,BE,BBVREN32,BRUMBE32,4,0,0.3817,1.8488,12.84836,959,DI 150 274 B
2007-05-01,BE,BBVREN32,BSTAD+32,4,0,0.8019,4.1481,29.63556,959,DI 150 194 B
2007-05-01,BE,BBWTON31,BIEPER31,1,0,0.5293,1.5481,885.1680,670,DI 150 421 B
2007-05-01,BE,BCARAL3R,BDAMPR32,5,0,0.0540,0.2601,1.697778,834,DI 150 95 CA
2007-05-01,BE,BCARAL3R,BMONCE31,5,0,0.2961,1.4580,9.217778,816,DI 150 95 CA
2007-05-01,BE,BCBR3A32,BANTOI31,2,0,0.0164,0.0568,25.97680,712,DI 150 342 A
2007-05-01,BE,BCBR3A33,BANTOI31,3,0,0.0103,0.0500,16.23550,712,DI 150 343 A
2007-05-01,BE,BCFINF37,BKRUSS31,7,0,0.0054,0.0500,77.20602,670,DI 150 F 7 C
2007-05-01,BE,BCFINF38,BKRUSS32,8,0,0.0054,0.0500,77.20602,670,DI 150 F 8 C
2007-05-01,BE,BCHACO31,BMALEC32,2,0,0.1849,0.7589,189.1111,670,DI 150 372 C
2007-05-01,BE,BCHAMP11,BGRAMM1B,2,0,0.9992,10.561,124.2465,2432,DI   380  32
2007-05-01,BE,BCHAMP12,BCHAMP11,1,2,0,0,0,999999,CHAMP380 //
2007-05-01,BE,BCHAMP12,BCOURC11,6,0,1.3675,14.465,170.2438,2317,DI   380  56
2007-05-01,BE,BCHARL3R,BMONCE31,5,0,0.7001,2.4350,54.86557,704,DI 150 305 C
2007-05-01,BE,BCHARL3S,BMONCE31,6,0,0.6955,2.3984,37.59492,704,DI 150 306 C
2007-05-01,BE,BCHER+3R,BLIXHE32,8,0,1.5621,5.0927,36.27120,704,DI 150 318 C
2007-05-01,BE,BCHIEV32,BCHIEV31,1,7,0,0,0,999999,CHIEV150 //
2007-05-01,BE,BCHIEV32,BWATT+3R,3,0,1.0780,3.6950,24.81778,714,DI 150 43 CH
2007-05-01,BE,BCHIEV32,BWATT+32,6,0,0.9240,3.1307,21.61378,704,DI 150 76 CH
2007-05-01,BE,BCKNIP31,BSIDMA32,1,0,0.1253,1.3133,9.093332,1600,DI 150 F 1 C
2007-05-01,BE,BCLABE3S,BCLABE31,1,7,0,0,0,38486,CLABE150 32
2007-05-01,BE,BCLABE3S,BGOUY 31,2,8,2.9500,9.7600,67.20000,714,DI 150 32 CL
2007-05-01,BE,BCLABE3R,BCLABE31,1,2,0,0,0,38486,CLABE150 331
2007-05-01,BE,BCLABE3R,BOISQU31,1,0,0.1199,0.4099,2.800000,714,DI 150 331 C
2007-05-01,BE,BCLANG31,BLANGE31,9,0,0.0119,0.0801,0.560000,785,DI 150 369 C
2007-05-01,BE,BCLANG32,BLANGE32,1,0,0.0119,0.0801,0.560000,785,DI 150 370 C
2007-05-01,BE,BCLANG33,BLANGE32,8,0,0.0119,0.0801,0.560000,832,DI 150 368 C
2007-05-01,BE,BCMARE31,BMONCE33,1,0,0.0500,0.4500,895.7156,2617,DI 150 381 C
2007-05-01,BE,BCOURC3R,BGOUY 31,4,8,0.0209,0.1622,587.9041,2760,DI 150 344 C
2007-05-01,BE,BCOURC11,BGOUY 11,7,0,0.0505,0.5603,6.599723,2119,DI 380 57 CO
2007-05-01,BE,BCOURC11,BMEKI+1R,3,0,1.0296,10.950,128.1994,2119,DI   380  33
2007-05-01,BE,BCOURC12,BCOURC11,1,2,0,0,0,999999,COURC380 //
2007-05-01,BE,BCOURC12,BGOUY 12,8,0,0.0606,0.5906,7.000000,2317,DI 380 58 CO
2007-05-01,BE,BCOURC12,BSTAM+1R,1,0,0.3899,4.1313,48.63573,2223,DI   380  31
2007-05-01,BE,BCQUIN31,BPACHE32,6,0,0.4095,0.2964,186.8061,965,DI 150 656 C
2007-05-01,BE,BCQUIN31,BSCARB31,7,0,0.0811,0.5105,402.0617,1130,DI 150 657 C
2007-05-01,BE,BCQUIN31,BWOLUW31,8,0,0.1797,1.0031,631.0399,1130,DI 150 70 CQ
2007-05-01,BE,BCZWIJ31,BZWIJN31,3,0,0.0900,0.6300,4.551111,1143,DI 150 133 C
2007-05-01,BE,BCZWIJ32,BCZWIJ31,1,2,0,0,0,999999,CZWIJ150 //
2007-05-01,BE,BCZWIJ32,BZWIJN32,2,0,0.0900,0.6300,4.551111,1143,DI 150 132 C
2007-05-01,BE,BDAMPL31,BMERKS31,9,0,0.0760,0.4079,415.6800,1097,DI 150 29 DA
2007-05-01,BE,BDAMPL32,BMERKS32,1,0,0.0760,0.4079,415.6800,1097,DI 150 30 DA
2007-05-01,BE,BDAMPR3R,BDAMPR31,1,2,0,0,0,4,DAMPR150 89
2007-05-01,BE,BDAMPR3R,BFAFER3R,9,0,0.0406,0.0857,0.516578,567,DI 150 89 DA
2007-05-01,BE,BDAMPR31,BDAMPS35,5,0,0.0509,0.1336,49.12055,527,DI 150 415 D
2007-05-01,BE,BDAMPR32,BDAMPR31,1,2,0,0,0,999999,DAMPR150 //
2007-05-01,BE,BDAMPR32,BDAMPS36,6,0,0.0524,0.1373,50.55596,527,DI 150 416 D
2007-05-01,BE,BDAMPR32,BFOC+ 3R,6,8,0.0601,0.3301,2.195555,770,DI 150 36 DA
2007-05-01,BE,BDEIN+3R,BDEINZ31,5,0,0.2299,1.0800,6.542222,959,DI 150 25 DE
2007-05-01,BE,BDEIN+3R,BDRONG3R,5,0,0.6545,3.3831,24.17778,1016,DI 150 25 DE
2007-05-01,BE,BDEIN+3R,BRUIEN32,5,0,2.7261,9.2970,65.61777,714,DI 150 25 DE
2007-05-01,BE,BDEIN+32,BDEINZ32,6,0,0.1800,0.9401,6.595556,959,DI 150 26 DE
2007-05-01,BE,BDEIN+32,BNIEUW31,6,0,3.1111,10.506,72.25777,714,DI 150 26 DE
2007-05-01,BE,BDEIN+32,BWORTG33,6,0,1.7451,5.8921,40.66667,714,DI 150 26 DE
2007-05-01,BE,BDESG+3R,BDESGM31,5,0,0.1960,0.7000,4.835556,735,DI 150 55 DE
2007-05-01,BE,BDESG+3R,BHARE+32,5,0,0.3899,1.3201,9.004444,714,DI 150 55 DE
2007-05-01,BE,BDESG+3R,BRUIEN33,5,0,1.5979,5.3971,37.25333,714,DI 150 55 DE
2007-05-01,BE,BDHANI3A,BMIDI 31,9,0,0.2900,0.9200,389.7956,1020,DI 150 49 DH
2007-05-01,BE,BDHANI3B,BDHANI3C,1,2,0,0,0,999999,DHANI150 //
2007-05-01,BE,BDHANI3B,BIXELL33,4,0,0.0587,0.3496,239.9474,1130,DI 150 264 D
2007-05-01,BE,BDHANI3B,BWIRTZ3R,4,0,0.0650,0.3249,154.4978,1116,DI 150 654 D
2007-05-01,BE,BDHANI3C,BDHANI3A,2,2,0,0,0,999999,DHANI150 //
2007-05-01,BE,BDIEST3R,BMEERH32,4,0,0.5220,2.0529,1076.000,1020,DI 150 354 D
2007-05-01,BE,BDILB+31,BDILBE3R,1,0,0.1033,0.3915,220.7158,847,DI 150 61 DI
2007-05-01,BE,BDILB+31,BDROGE31,1,0,0.7130,3.5080,30.42667,906,DI 150 61 DI
2007-05-01,BE,BDOEL 31,BKETEN31,1,0,0.2154,1.9961,320.4116,908,DI 150 131 D
2007-05-01,BE,BDOEL 32,BDOEL 31,1,7,0,0,0,999999,DOEL 150 //
2007-05-01,BE,BDOEL 11,BLIEF+1R,1,0,0.1644,1.7185,20.19763,2120,DI   380  51
2007-05-01,BE,BDOEL 11,BZANDV1A,6,0,0.2120,2.4343,22.23718,2223,DI   380  26
2007-05-01,BE,BDOEL 1B,BDOEL 11,1,2,0,0,0,999999,DOEL 380 //
2007-05-01,BE,BDOEL 1B,BMERCA11,3,0,0.7985,6.8373,80.00000,2317,DI   380  53
2007-05-01,BE,BDOEL 12,BDOEL 11,A,2,0,0,0,999999,DOEL 380 //
2007-05-01,BE,BDOEL 12,BLIEF+1S,2,0,0.1643,1.7228,20.19681,2120,DI   380  52
2007-05-01,BE,BDOEL 1A,BDOEL 1W,1,2,0,0,0,1858,DOEL 380 ALT
2007-05-01,BE,BDOEL 1A,BDOEL 1B,B,2,0,0,0,999999,DOEL 380 //
2007-05-01,BE,BDOEL 1A,BDOEL 12,2,2,0,0,0,999999,DOEL 380 //
2007-05-01,BE,BDOEL 1A,BMERCA12,4,0,0.7985,6.8373,80.00000,2317,DI   380  54
2007-05-01,BE,BDOEL 1A,BZANDV11,5,0,0.2426,2.3999,24.00000,2223,DI   380  25
2007-05-01,BE,BDOTT+3R,BDOTTI31,1,8,0.2300,1.1401,8.195557,551,DI 150 50 DO
2007-05-01,BE,BDOTT+3R,BMARQ+3R,1,0,2.0459,4.9160,33.48444,551,DI 150 50 DO
2007-05-01,BE,BDOTT+3R,BMOUSC34,1,0,1.0199,2.4901,16.99556,551,DI 150 50 DO
2007-05-01,BE,BDROGE31,BFORES3A,1,0,0.0970,0.3191,150.1956,1020,DI 150 651 D
2007-05-01,BE,BDROGE31,BMIDI 31,1,8,0.0720,0.3730,351.6800,1310,DI 150 640 D
2007-05-01,BE,BDROGE31,BMIDI 31,9,0,0.1399,0.4401,288.2578,1020,DI 150 639 D
2007-05-01,BE,BDROGE33,BDROGE31,1,2,0,0,0,999999,DROGE150 //
2007-05-01,BE,BDROGE33,BIXELL33,1,0,0.1640,1.0786,727.4764,908,DI 150 641 D
2007-05-01,BE,BDROGE33,BRHODE31,1,0,0.3101,1.4011,451.2800,889,DI 150 311 D
2007-05-01,BE,BDROGE11,BMEKI+1R,3,0,0.3191,3.3804,39.61357,2317,DI   380  33
2007-05-01,BE,BDRONG3R,BNIEUW32,5,0,1.6601,6.1801,47.07555,714,DI 150 25 DR
2007-05-01,BE,BEEKLN31,BRODEN31,1,0,1.5799,8.3300,57.60000,959,DI 150 141 E
2007-05-01,BE,BEEKLN32,BEEKLN31,1,2,0,0,0,999999,EEKLN150 //
2007-05-01,BE,BEEKLN32,BRODEN33,2,0,1.5799,8.3300,57.60000,959,DI 150 140 E
2007-05-01,BE,BEEKLN11,BHORTA11,3,0,0.4036,4.2644,50.26697,4834,DI 380 103 E
2007-05-01,BE,BEEKLN11,BMAERL11,3,0,0.2768,4.0655,79.59729,4970,DI 380 103 E
2007-05-01,BE,BEEKLO3R,BLANGE31,6,0,1.6764,5.8468,37.26168,628,DI 150 441 E
2007-05-01,BE,BEEKLO32,BLANGE32,5,0,1.6751,5.8426,37.23435,628,DI 150 440 E
2007-05-01,BE,BEISDE31,BSTALE31,9,8,2.5630,6.6719,46.08000,551,DI 150 219 E
2007-05-01,BE,BEISDE32,BEISDE31,1,2,0,0,0,999999,EISDE150 //
2007-05-01,BE,BEISDE32,BSTALE31,1,0,2.5630,6.6719,46.08000,551,DI 150 220 E
2007-05-01,BE,BEIZE+3R,BEIZER31,5,0,0.2138,1.1547,8.199476,949,DI 150 155 E
2007-05-01,BE,BEIZE+3R,BNINOV31,5,0,1.0825,4.9412,245.3780,695,DI 150 155 E
2007-05-01,BE,BEKERE31,BHAVE731,5,0,0.2099,1.1700,8.400000,1143,DI 150 105 E
2007-05-01,BE,BESCH 2C,BESCH 2E,1,7,0,0,0,999999,ESCH 220 //
2007-05-01,BE,BESCH 2C,XSO_SO22,2,0,0.1001,0.4004,1.701700,9999,DI 220 F 2 B
2007-05-01,BE,BESCH 2E,XBE_OX21,2,8,0.2180,1.1240,14.31182,1290,DI 220 2 ESC
2007-05-01,BE,BESCH 2E,XSO_SO21,1,0,0.1001,0.4004,1.701700,9999,DI 220 F 1 B
2007-05-01,BE,BESSO 3K,BSLAAN33,7,0,0.0221,0.0961,50.26667,908,DI 150 377 E
2007-05-01,BE,BESSO 31,BSLAAN34,5,0,0.0171,0.0500,14.40000,693,DI 150 375 E
2007-05-01,BE,BESSO 32,BSLAAN33,6,0,0.0171,0.0500,14.40000,693,DI 150 376 E
2007-05-01,BE,BESSO+3R,BESSOC31,6,0,0.0200,0.1199,0.800000,1143,DI 150 146 E
2007-05-01,BE,BESSO+3R,BMEERH32,6,0,0.0151,0.1089,0.782222,1509,DI 150 146 E
2007-05-01,BE,BESSO+32,BESSOC32,7,0,0.0200,0.1199,0.800000,1143,DI 150 147 E
2007-05-01,BE,BESSO+32,BMEERH31,7,0,0.0160,0.1089,0.791111,1509,DI 150 147 E
2007-05-01,BE,BEUPEN3R,BFIBER3R,8,0,1.7950,6.3621,150.8445,693,DI 150 298 E
2007-05-01,BE,BFAFER31,BMONCE31,1,0,0.6700,1.6700,11.60000,551,DI 150 340 F
2007-05-01,BE,BFARCI3R,BPORTP31,9,0,0.1539,0.8161,6.631111,670,DI 150 79 FA
2007-05-01,BE,BFARCI3R,BTERGN31,9,0,0.1649,1.1660,10.60444,1306,DI 150 79 FA
2007-05-01,BE,BFARCI32,BPONT+3R,8,0,0.0760,0.5380,4.888889,1232,DI 150 78 FA
2007-05-01,BE,BFARCI32,BTERGN31,8,0,0.1660,1.1790,10.72000,1232,DI 150 78 FA
2007-05-01,BE,BFELUY3R,BLACRO30,9,0,4.3898,11.648,18.51482,592,DI 150 409 F
2007-05-01,BE,BFELUY3R,BMALEC31,9,0,1.7981,4.7120,12.75108,592,DI 150 409 F
2007-05-01,BE,BFLEUR32,BTERGN31,8,0,0.4590,1.4011,9.671112,653,DI 150 268 F
2007-05-01,BE,BFLEUR31,BTERGN31,9,0,0.2608,1.2720,9.152040,1006,DI 150 269 F
2007-05-01,BE,BFLORA3R,BRODEN33,2,0,2.3440,8.3990,64.59557,714,DI 150 12 FL
2007-05-01,BE,BFLORA32,BRODEN33,1,0,2.3440,8.3990,64.59557,714,DI 150 11 FL
2007-05-01,BE,BFOC  3R,BFOC+ 3R,6,0,0.0119,0.0531,0.382222,816,DI 150 36 FO
2007-05-01,BE,BFOC+ 3R,BMONCE33,6,0,0.2790,1.3450,8.817778,816,DI 150 36 FO
2007-05-01,BE,BFONTA3R,BFONTA32,2,0,0.0259,0.0559,0.555856,632,DI 150 412 F
2007-05-01,BE,BFONTA3R,BMONCE31,2,0,0.6439,2.3925,15.72598,632,DI 150 412 F
2007-05-01,BE,BFONT+3,BFONTA33,3,0,0.0259,0.0559,0.555856,632,DI 150 73 FO
2007-05-01,BE,BFONT+3,BMONCE33,3,0,0.5630,1.9048,20.98596,632,DI 150 73 FO
2007-05-01,BE,BFORES3B,BFORES3A,1,7,0,0,0,999999,FORES150 //
2007-05-01,BE,BFORES3B,BIXELL33,2,8,0.1800,0.7200,377.7778,1020,DI 150 652 F
2007-05-01,BE,BGASTH3A,BWIJGM31,5,0,0.2178,1.0350,778.3110,1198,DI 150 655 G
2007-05-01,BE,BGAURA3R,BWATT+32,6,0,1.6880,5.8921,40.66667,714,DI 150 76 GA
2007-05-01,BE,BGAURA32,BRUIEN32,4,0,3.3210,11.410,78.76444,714,DI 150 44 GA
2007-05-01,BE,BGENPM31,BRINGV31,1,0,0.0090,0.0500,12.75556,670,DI 150 270 G
2007-05-01,BE,BGEZEL11,BGEZEL12,1,2,0,0,0,999999,GEZEL380 //
2007-05-01,BE,BGEZEL11,BMAERL11,1,0,0.1106,2.2110,725.8110,2127,DI 380 110 G
2007-05-01,BE,BGEZEL11,BMAERL11,7,0,0.0904,2.2412,725.8110,2127,DI 380 107 G
2007-05-01,BE,BGEZEL11,BSTEVN11,1,0,0.1320,1.8952,18.41920,4923,DI 380 111 G
2007-05-01,BE,BGEZEL12,BMAERL12,8,0,0.0904,2.2311,725.8110,2127,DI 380 108 G
2007-05-01,BE,BGEZEL12,BMAERL12,9,0,0.1106,2.2110,725.8110,2127,DI 380 109 G
2007-05-01,BE,BGEZEL12,BSTEVN12,2,0,0.1320,1.8952,18.41920,4923,DI 380 112 G
2007-05-01,BE,BGEZEL12,XBE_GB1B,4,0,0.0080,0.0500,56.18559,1635,DI 380 114 G
2007-05-01,BE,BGILLY37,BMONTI31,7,0,0.1089,0.5175,389.1555,1130,DI 150 417 G
2007-05-01,BE,BGODSH31,BSIKE+32,6,0,0.2999,3.1439,21.79556,1509,DI 150 206 G
2007-05-01,BE,BGOSS+3R,BGOSSE32,3,0,0.0140,0.0500,0.284445,653,DI 150 93 GO
2007-05-01,BE,BGOSS+3R,BGOUY 31,3,0,1.1999,3.6670,25.20000,653,DI 150 93 GO
2007-05-01,BE,BGOSS+3R,BTERGN32,3,0,1.0199,4.5299,32.11555,653,DI 150 93 GO
2007-05-01,BE,BGOSS+32,BGOSSE31,4,0,0.0130,0.0500,0.275911,653,DI 150 94 GO
2007-05-01,BE,BGOSS+32,BGOUY 32,4,0,1.1896,3.7991,25.36423,653,DI 150 94 GO
2007-05-01,BE,BGOSS+32,BTERGN32,4,0,0.9984,4.5384,31.99050,653,DI 150 94 GO
2007-05-01,BE,BGOUY 31,BMALEC32,5,0,1.7370,7.5339,52.60444,714,DI 150 85 GO
2007-05-01,BE,BGOUY 31,BMONCE31,5,0,0.8600,4.5900,32.80000,878,DI 150 35 GO
2007-05-01,BE,BGOUY 31,BTRIVI31,3,0,2.2250,6.8801,47.49333,653,DI 150 83 GO
2007-05-01,BE,BGOUY 31,BVHAIN3Z,5,8,0.4480,2.7349,2318.609,1130,DI 150 345 G
2007-05-01,BE,BGOUY 31,BVIEU+3R,7,0,1.3860,7.1640,51.92000,922,DI 150 347 G
2007-05-01,BE,BGOUY 32,BGOUY 31,1,7,0,0,0,999999,GOUY 150 //
2007-05-01,BE,BGOUY 32,BLACRO31,8,0,0.9961,4.8919,32.41778,778,DI 150 408 G
2007-05-01,BE,BGOUY 32,BMONCE33,4,0,0.8600,4.5900,32.80000,878,DI 150 34 GO
2007-05-01,BE,BGOUY 32,BOISQU31,3,0,2.8701,9.5101,65.40444,714,DI 150 33 GO
2007-05-01,BE,BGOUY 32,BTRIVI32,4,0,2.2250,6.8801,47.49333,653,DI 150 84 GO
2007-05-01,BE,BGOUY 32,BVIEU+32,6,0,1.3860,7.1640,51.19111,922,DI 150 346 G
2007-05-01,BE,BGRAMM3A,BHSART3R,9,0,0.3800,1.3599,9.377778,735,DI 150 99 GR
2007-05-01,BE,BGRAMM3A,BTIHAN32,2,0,0.2000,1.2600,8.604445,1061,DI 150 292 G
2007-05-01,BE,BGRAMM3B,BGRAMM3A,1,2,0,0,0,999999,GRAMM150 //
2007-05-01,BE,BGRAMM3B,BTIHA+3R,3,0,0.1100,0.9470,6.320000,1341,DI 150 293 G
2007-05-01,BE,BGRAMM3B,BTIHAN31,1,0,0.2000,1.2600,8.604445,1061,DI 150 291 G
2007-05-01,BE,BGRAMM1A,BSTAM+1R,1,0,1.7472,18.499,217.8006,2223,DI   380  31
2007-05-01,BE,BGRAMM1A,BTIHA11N,5,0,0.0895,0.9516,11.19391,2119,DI 380 5 GRA
2007-05-01,BE,BGRAMM1A,BTIHA11S,6,0,0.0895,0.9516,11.19391,2119,DI 380 6 GRA
2007-05-01,BE,BGRAMM1B,BGRAMM1A,1,2,0,0,0,999999,GRAMM380 //
2007-05-01,BE,BGRAMM1B,BTIHA211,7,0,0.0809,0.8534,10.04017,2317,DI 380 17 GR
2007-05-01,BE,BGRAMM1C,BGRAMM1B,3,2,0,0,0,999999,GRAMM380 //
2007-05-01,BE,BGRAMM1C,BGRAMM1D,2,7,0,0,0,999999,GRAMM380 //
2007-05-01,BE,BGRAMM1C,BLIXHE11,1,0,3.0438,20.025,170.8800,2174,DI   380  11
2007-05-01,BE,BGRAMM1C,BRIMIE1R,7,0,0.4534,4.7883,54.00000,2119,DI 380 7 GRA
2007-05-01,BE,BGRAMM1C,BTIHA31W,8,0,0.1025,1.0816,12.73961,2317,DI 380 18 GR
2007-05-01,BE,BGRAMM1C,BZUTE+1R,2,8,1.8459,17.453,202.6954,2224,DI   380  12
2007-05-01,BE,BGRAMM1D,BGRAMM1A,4,7,0,0,0,999999,GRAMM380 //
2007-05-01,BE,BGRIMB32,BRELE+3R,1,0,0.4267,2.3247,18.00817,898,DI 150 160 G
2007-05-01,BE,BGRIMB32,BVERBR32,2,8,0.4362,2.3763,17.17733,898,DI 150 160 G
2007-05-01,BE,BGRIMB3R,BKOBB+3R,1,0,0.7200,3.5300,24.99556,898,DI 150 161 G
2007-05-01,BE,BGRIMB3R,BVERBR3B,1,0,0.5360,2.5699,18.22222,898,DI 150 161 G
2007-05-01,BE,BHAM  32,BRINGV31,8,0,0.4545,2.2088,95.92799,527,DI 150 378 H
2007-05-01,BE,BHAM  3R,BLANGE32,7,0,0.3313,1.7801,85.16579,770,DI 150 267 H
2007-05-01,BE,BHARE+32,BHAREL32,5,0,0.0241,0.2401,1.697778,726,DI 150 55 HA
2007-05-01,BE,BHARE+32,BIZGEM31,5,0,0.8541,2.8841,19.87556,714,DI 150 55 HA
2007-05-01,BE,BHARE+3R,BHAREL31,6,0,0.0241,0.2401,1.697778,726,DI 150 56 HA
2007-05-01,BE,BHARE+3R,BIZGEM32,6,0,0.8451,2.8841,19.87556,714,DI 150 56 HA
2007-05-01,BE,BHARE+3R,BRUIEN32,6,0,1.9890,6.7160,46.30222,714,DI 150 56 HA
2007-05-01,BE,BHARMI3R,BVHAIN31,7,0,0.8860,3.1720,21.90222,735,DI 150 357 H
2007-05-01,BE,BHARWI3R,BHARYD31,4,0,0.0284,0.1641,117.1461,1188,DI 150 64 HA
2007-05-01,BE,BHARWI3R,BVERBR32,4,0,0.1716,0.7311,603.4839,1188,DI 150 64 HA
2007-05-01,BE,BHARWI3R,BZAVEN3R,4,0,0.1362,0.5358,431.0876,1135,DI 150 64 HA
2007-05-01,BE,BHAVE731,BSLAAN32,9,0,0.2300,2.4300,17.79556,1428,DI 150 119 H
2007-05-01,BE,BHAVE732,BHAVE731,1,2,0,0,0,999999,HAVE7150 //
2007-05-01,BE,BHAVE732,BMERKS32,6,0,0.5900,4.0700,31.20000,1143,DI 150 106 H
2007-05-01,BE,BHAVE732,BSLAAN33,A,0,0.2621,2.4225,37.05477,1130,DI 150 120 H
2007-05-01,BE,BHDPE 3A,BPP3  3A,3,0,0.0001,0.0500,0,600,DI 150 333 H
2007-05-01,BE,BHDPE 3B,BPP3  3B,4,0,0.0001,0.0500,0,600,DI 150 334 H
2007-05-01,BE,BHEIM+32,BHEIMO3S,9,0,0.0340,0.0819,0.568889,551,DI 150 179 H
2007-05-01,BE,BHEIM+32,BMERCA32,9,0,0.9311,3.4621,24.73778,714,DI 150 179 H
2007-05-01,BE,BHEIM+32,BSTNIK31,9,0,0.5409,1.5210,10.52444,551,DI 150 179 H
2007-05-01,BE,BHEIMO3R,BRODEN33,9,8,2.8800,10.380,73.60000,714,DI 150 9 HEI
2007-05-01,BE,BHEIMO3R,BSTPAU31,9,0,0.9520,3.2139,22.18667,714,DI 150 9 HEI
2007-05-01,BE,BHEIMO3R,BWALGO32,9,0,0.2061,1.4159,28.35556,854,DI 150 9 HEI
2007-05-01,BE,BHEIMO3S,BSTPAU32,9,0,0.9520,3.2139,22.18667,714,DI 150 179 H
2007-05-01,BE,BHEIMO31,BKEER+3R,1,8,2.0551,6.9416,47.91609,704,DI 150 10 HE
2007-05-01,BE,BHEIMO31,BWALGO3R,2,0,0.2061,1.4159,28.35556,1020,DI 150 172 H
2007-05-01,BE,BHEIMO31,BZELEI3R,6,0,0.5436,3.7575,48.00576,906,DI 150 136 H
2007-05-01,BE,BHEINS23,BHEISS21,9,0,0.0250,0.2633,4.066062,2461,DI 220 509 H
2007-05-01,BE,BHEINS23,BVILLE21,5,0,3.4330,9.6698,108.4215,1127,DI 220 505 H
2007-05-01,BE,BHEISS21,BHEISS22,1,2,0,0,0,999999,HEISS220 //
2007-05-01,BE,BHEIST31,BPUTTE31,1,0,0.7520,3.9429,26.55111,757,DI 150 51 HE
2007-05-01,BE,BHEIST32,BPUTTE32,2,0,0.8440,3.8250,27.31556,757,DI 150 52 HE
2007-05-01,BE,BHELIA3R,BSCARB31,4,0,0.1370,0.4001,632.0000,924,DI 150 74 HE
2007-05-01,BE,BHELIP31,BHELIP32,1,2,0,0,0,999999,HELIP150 //
2007-05-01,BE,BHELIP31,BMOLEN31,6,0,0.0459,0.3730,339.8222,1380,DI 150 466 H
2007-05-01,BE,BHELIP31,BPACHE31,8,0,0.0544,0.3069,242.9311,1135,DI 150 468 H
2007-05-01,BE,BHERDE3R,BLANLO31,9,0,0.9817,6.9177,49.94457,1120,DI 150 229 H
2007-05-01,BE,BHERDE3R,BLIXHE31,9,0,0.5441,3.8354,45.80351,1187,DI 150 229 H
2007-05-01,BE,BHERDE32,BLANLO32,8,0,0.8530,6.4100,46.40000,1120,DI 150 228 H
2007-05-01,BE,BHERDE32,BLIXHE32,8,0,0.6201,4.3200,31.20000,1101,DI 150 228 H
2007-05-01,BE,BHEULE31,BKUUR+3R,1,0,0.4901,1.1999,8.240001,551,DI 150 221 H
2007-05-01,BE,BHEZE 31,BMASSE32,9,0,0.6552,7.5348,83.16360,2422,DI 150 429 H
2007-05-01,BE,BHEZE 31,BMEERH31,3,0,0.4550,3.6000,25.79556,1143,DI 150 143 H
2007-05-01,BE,BHOEN+3R,BVERBR3C,7,0,0.8363,5.8070,166.5783,905,DI 150 47 HO
2007-05-01,BE,BHOEN+3R,BWESPL31,7,0,0.1558,0.7146,5.056942,938,DI 150 47 HO
2007-05-01,BE,BHOEN+3R,BWINK+3R,7,0,0.1044,0.4924,3.492978,959,DI 150 47 HO
2007-05-01,BE,BHOEN+32,BVERBR3A,8,0,0.8300,5.7350,150.2133,1078,DI 150 48 HO
2007-05-01,BE,BHOEN+32,BWESPL32,8,0,0.1289,0.6779,4.817778,938,DI 150 48 HO
2007-05-01,BE,BHOEN+32,BWINK+32,8,0,0.0970,0.4779,3.413333,959,DI 150 48 HO
2007-05-01,BE,BHOOGS3R,BRIJKE31,A,0,0.2362,0.7605,334.1380,710,DI 150 430 H
2007-05-01,BE,BHORTA11,BRODE+1S,3,0,0.2272,4.5008,51.16959,4630,DI   380  73
2007-05-01,BE,BHORTA12,BHORTA11,1,2,0,0,0,999999,HORTA380 //
2007-05-01,BE,BHORTA12,BMAERL12,4,0,0.4345,7.9364,115.8310,4970,DI 380 104 H
2007-05-01,BE,BHORTA12,BRODE+1R,4,0,0.2556,4.5434,50.57328,5173,DI   380  74
2007-05-01,BE,BHOUF+2R,BHOUFF21,4,0,0.0179,0.0891,1.061983,1319,DI 220 504 H
2007-05-01,BE,BHOUF+2R,BVILLE21,4,8,1.5101,7.5301,89.59917,1319,DI 220 504 H
2007-05-01,BE,BHOUT+3R,BHOUTH31,1,0,0.1120,0.4030,2.817778,735,DI 150 211 H
2007-05-01,BE,BHOUT+3R,BSTALE33,1,0,1.2899,4.6399,32.40000,735,DI 150 211 H
2007-05-01,BE,BHSART3R,BMHIN+3R,9,0,0.2761,0.6431,3.964444,591,DI 150 99 HS
2007-05-01,BE,BIEPER31,BIEPNO3R,1,0,0.3400,1.7199,12.19556,959,DI 150 191 I
2007-05-01,BE,BIEPER31,BIEPNO31,2,0,0.3311,1.7114,12.22920,942,DI 150 190 I
2007-05-01,BE,BIEPER31,BPOPSA30,1,0,0.5158,1.1950,440.0461,527,DI 150 420 I
2007-05-01,BE,BIEPNO3R,BPEKK+3R,1,0,1.4249,7.3629,52.61333,959,DI 150 191 I
2007-05-01,BE,BIEPNO31,BPEKK+32,2,0,1.4249,7.3629,52.61333,959,DI 150 190 I
2007-05-01,BE,BIXELL33,BIXELL34,4,2,0,0,0,999999,IXELL150 //
2007-05-01,BE,BIXELL33,BWIRTZ31,3,0,0.1501,0.4999,247.2000,1020,DI 150 653 I
2007-05-01,BE,BIZGEM31,BOOSTR31,8,0,0.2275,0.9736,945.5681,1116,DI 150 358 I
2007-05-01,BE,BIZGEM31,BPEKK+3R,1,0,2.0511,5.7010,39.53778,551,DI 150 191 I
2007-05-01,BE,BIZGEM31,BRUMBE3R,5,0,0.3803,2.8579,21.32705,1143,DI 150 275 I
2007-05-01,BE,BIZGEM32,BIZGEM31,1,2,0,0,0,999999,IZGEM150 //
2007-05-01,BE,BIZGEM32,BKUUR+3R,1,0,0.7499,1.8200,12.49778,551,DI 150 221 I
2007-05-01,BE,BIZGEM32,BMZLR+32,2,0,0.6982,2.0143,53.16539,1101,DI 150 192 I
2007-05-01,BE,BIZGEM32,BRUMBE32,4,0,0.4225,2.9380,21.14793,1143,DI 150 274 I
2007-05-01,BE,BIZGEM32,BWVLGM31,8,0,2.1650,5.2160,36.40000,551,DI 150 158 I
2007-05-01,BE,BJEMAP3R,BOBOU+3R,7,0,1.3001,4.4599,30.00000,714,DI 150 87 JE
2007-05-01,BE,BJUPIL21,BJUPIL22,1,2,0,0,0,999999,JUPIL220 //
2007-05-01,BE,BJUPIL21,BLIXHE27,2,0,1.5128,7.7936,54.45976,942,DI 220 542 J
2007-05-01,BE,BJUPIL21,BROMSE21,4,0,0.4501,2.1698,13.00000,834,DI 220 534 J
2007-05-01,BE,BJUPIL22,BRIMIE21,8,0,0.6058,4.5232,57.64168,1158,DI 220 538 J
2007-05-01,BE,BKALLO15,BLIEF+1S,2,0,0.1302,1.3650,16.00200,2120,DI   380  52
2007-05-01,BE,BKALLO15,BMERCA1A,2,0,0.4123,4.3225,50.67300,2120,DI   380  52
2007-05-01,BE,BKALLO31,BKETEN31,5,0,0.0881,0.4187,314.8700,1130,DI 150 395 K
2007-05-01,BE,BKALLO31,BKETEN32,E,0,0.0703,0.3434,258.7728,1135,DI 150 475 K
2007-05-01,BE,BKALLO31,BKRUSS31,7,0,0.1451,0.6146,281.1844,684,DI 150 287 K
2007-05-01,BE,BKALLO31,BZWIJN31,8,0,0.1670,1.7819,13.39854,1509,DI 150 108 K
2007-05-01,BE,BKALLO31,BZWIJN32,9,0,0.1779,1.8039,13.50868,1509,DI 150 128 K
2007-05-01,BE,BKALLO33,BKALLO31,1,7,0,0,0,999999,KALLO150 //
2007-05-01,BE,BKAMEU31,BKAMEU32,1,2,0,0,0,999999,KAMEU150 //
2007-05-01,BE,BKAMEU31,BKETEN31,9,8,0.0900,0.2890,140.6624,712,DI 150 469 K
2007-05-01,BE,BKAMEU31,BKETEN31,A,8,0.0850,0.2703,129.7130,712,DI 150 470 K
2007-05-01,BE,BKEER+3R,BLOKER31,1,0,0.5080,1.7300,11.94667,714,DI 150 10 KE
2007-05-01,BE,BKEER+3R,BRODEN33,1,0,1.6859,5.6999,45.39556,714,DI 150 10 KE
2007-05-01,BE,BKENNE3R,BRODEN33,4,0,0.0479,0.2201,1.804444,959,DI 150 114 K
2007-05-01,BE,BKENNE32,BRODEN33,5,0,0.0479,0.2201,1.804444,959,DI 150 115 K
2007-05-01,BE,BKETEN31,BKETEN32,1,2,0,0,0,999999,KETEN150 //
2007-05-01,BE,BKETEN31,BLILLO34,7,0,0.1032,0.6236,451.8414,1135,DI 150 397 K
2007-05-01,BE,BKETEN32,BLILLO31,6,8,0.1210,0.5750,432.3950,1163,DI 150 396 K
2007-05-01,BE,BKOBB+3R,BKOBBE31,1,0,0.0151,0.0801,0.568889,959,DI 150 161 K
2007-05-01,BE,BKOKSI3A,BKOKSI32,1,2,0,0,0,38486,KOKSI150 +T1
2007-05-01,BE,BKOKSI32,BKOKSI31,1,2,0,0,0,999999,KOKSI150 //
2007-05-01,BE,BKOKSI32,BSLYKE32,1,0,0.6230,3.3250,3387.804,1309,DI 150 361 K
2007-05-01,BE,BKRUSS32,BKRUSS31,1,7,0,0,0,999999,KRUSS150 //
2007-05-01,BE,BKRUSS32,BSLAAN31,9,0,0.1694,0.5750,266.0395,866,DI 150 289 K
2007-05-01,BE,BKUUR+3R,BKUURN31,1,0,0.0900,0.6701,4.817778,1143,DI 150 221 K
2007-05-01,BE,BLACRO32,BTRIVI32,2,0,1.0809,2.7700,19.05778,551,DI 150 80 LA
2007-05-01,BE,BLACRO33,BTRIVI31,1,0,1.0809,2.7700,19.05778,559,DI 150 81 LA
2007-05-01,BE,BLACRO37,BLACRO30,1,2,0,0,0,999999,LACRO150 409
2007-05-01,BE,BLACRO37,BLACRO33,1,2,0,0,0,999999,LACRO150 81
2007-05-01,BE,BLACRO37,BLACRO34,1,2,0,0,0,999999,LACRO150 82
2007-05-01,BE,BLACRO37,BLACRO36,1,2,0,0,0,999999,LACRO150 CON
2007-05-01,BE,BLACRO37,BLACRO38,1,2,0,0,0,999999,LACRO150 //
2007-05-01,BE,BLACRO37,BLACRO39,1,2,0,0,0,999999,LACRO150 T 1
2007-05-01,BE,BLACRO37,BLACRO3A,1,2,0,0,0,999999,LACRO150 T 2
2007-05-01,BE,BLACRO38,BLACRO31,1,2,0,0,0,999999,LACRO150 408
2007-05-01,BE,BLACRO38,BLACRO32,1,2,0,0,0,999999,LACRO150 80
2007-05-01,BE,BLACRO38,BLACRO35,1,2,0,0,0,999999,LACRO150 90
2007-05-01,BE,BLACRO38,BLACRO36,1,2,0,0,0,999999,LACRO150 CON
2007-05-01,BE,BLACRO38,BLACRO3B,1,2,0,0,0,999999,LACRO150 T 3
2007-05-01,BE,BLANAK31,BLANLO31,5,0,1.0321,5.1599,36.64000,959,DI 150 235 L
2007-05-01,BE,BLANAK31,BLANLO32,4,0,1.0321,5.1599,36.64000,959,DI 150 234 L
2007-05-01,BE,BLANGE31,BNIEUW31,8,0,0.4651,2.7531,19.46667,898,DI 150 8 LAN
2007-05-01,BE,BLANGE31,BRODEN31,3,8,0.3902,1.3810,9.006690,704,DI 150 3 LAN
2007-05-01,BE,BLANGE31,BRODEN31,4,8,0.3902,1.3761,9.006359,704,DI 150 4 LAN
2007-05-01,BE,BLANGE31,BRODEN33,7,0,0.2601,1.4000,9.395555,959,DI 150 37 LA
2007-05-01,BE,BLANGE31,BROEVG31,3,0,0.2115,0.7293,63.62899,678,DI 150 393 L
2007-05-01,BE,BLANGE32,BLANGE31,1,2,0,0,0,999999,LANGE150 //
2007-05-01,BE,BLANGE32,BNIEUW32,7,0,0.5620,2.7531,19.74222,898,DI 150 7 LAN
2007-05-01,BE,BLANGE32,BRINGV31,6,0,0.0649,0.3240,22.74968,1918,DI 150 266 L
2007-05-01,BE,BLANGE32,BRODEN31,8,0,0.2601,1.4000,9.395555,959,DI 150 38 LA
2007-05-01,BE,BLANLO31,BSIKE+32,6,0,0.0801,0.8350,5.777778,1509,DI 150 206 L
2007-05-01,BE,BLANLO31,BSTALE31,2,8,0.3600,2.6701,17.79556,1143,DI 150 202 L
2007-05-01,BE,BLANLO31,BSTALE33,1,0,0.3600,2.6701,17.79556,1143,DI 150 201 L
2007-05-01,BE,BLANLO31,BSTALE33,5,0,0.4840,1.5300,37.60000,1428,DI 150 315 L
2007-05-01,BE,BLANLO32,BLANLO31,1,7,0,0,0,999999,LANLO150 //
2007-05-01,BE,BLANLO32,BSIKE+3R,7,0,0.0801,0.8350,5.777778,1509,DI 150 207 L
2007-05-01,BE,BLATO+2R,BLATOU21,5,0,0.0150,0.0799,0.561984,943,DI 220 515 L
2007-05-01,BE,BLATO+2R,BSMARD21,5,0,0.4308,2.2230,15.68182,943,DI 220 515 L
2007-05-01,BE,BLATRO21,BSERAI22,4,0,0.1452,1.0125,7.033058,1113,DI 220 524 L
2007-05-01,BE,BLATRO22,BSERAI21,5,0,0.1452,1.0125,7.033058,1113,DI 220 525 L
2007-05-01,BE,BLEES+32,BMECHL3R,5,0,0.3788,1.7582,12.34205,959,DI 150 65 LE
2007-05-01,BE,BLEES+32,BSIDAL31,5,0,0.8094,4.5017,32.15644,959,DI 150 65 LE
2007-05-01,BE,BLEES+32,BVERBR3C,5,0,0.9763,4.7708,34.14689,898,DI 150 65 LE
2007-05-01,BE,BLEES+3R,BLINT 32,6,0,0.8800,4.9999,35.20000,898,DI 150 66 LE
2007-05-01,BE,BLEES+3R,BMECHL32,6,0,0.3400,1.6769,11.93778,898,DI 150 66 LE
2007-05-01,BE,BLEES+3R,BVERBR3A,6,8,0.9180,4.6400,32.86222,898,DI 150 66 LE
2007-05-01,BE,BLEVAL21,BRIMIE21,2,0,0.7671,5.2901,37.40083,1035,DI 220 522 L
2007-05-01,BE,BLEVAL22,BLEVAL21,1,2,0,0,0,999999,LEVAL220 //
2007-05-01,BE,BLEVAL22,BSERAI22,3,0,0.1699,1.1698,8.198347,1099,DI 220 523 L
2007-05-01,BE,BLIEF+1R,BLILLO11,1,8,0.0886,0.9419,8.056824,3074,DI   380  51
2007-05-01,BE,BLIEF+1R,BMERCA1B,1,0,0.5276,5.5761,65.61404,2119,DI   380  51
2007-05-01,BE,BLIEF+1S,BLILLO12,2,0,0.0872,0.9297,7.969932,3074,DI   380  52
2007-05-01,BE,BLIER 3T,BLINT 31,9,0,0.3301,1.6400,11.40444,959,DI 150 139 L
2007-05-01,BE,BLIER 3R,BLINT 32,8,0,0.3301,1.6400,11.40444,959,DI 150 138 L
2007-05-01,BE,BLIGNE3R,BWATT+3R,3,0,0.2871,1.0301,7.120000,714,DI 150 43 LI
2007-05-01,BE,BLIGNE32,BWATT+32,6,0,0.2199,0.6899,12.00009,788,DI 150 76 LI
2007-05-01,BE,BLILLO32,BEKERE31,6,0,0.4096,3.1850,2434.099,1130,DI 150 116 E
2007-05-01,BE,BLILLO32,BLILLO31,1,7,0,0,0,999999,LILLO150 //
2007-05-01,BE,BLILLO32,BSOLAN30,4,8,0.1572,1.0664,24.61462,1078,DI 150 134 L
2007-05-01,BE,BLILLO32,BSOLAN31,5,0,0.1800,1.2212,28.18771,1142,DI 150 135 L
2007-05-01,BE,BLILLO33,BLILLO31,2,7,0,0,0,999999,LILLO150 //
2007-05-01,BE,BLILLO33,BNORDL31,1,0,0.2117,1.3124,1039.222,1130,DI 150 431 L
2007-05-01,BE,BLILLO33,BNORDL31,3,0,0.2112,1.3414,1037.062,1130,DI 150 433 L
2007-05-01,BE,BLILLO34,BLILLO35,3,2,0,0,0,999999,LILLO150 //
2007-05-01,BE,BLILLO11,BZANDV16,5,0,0.3068,5.2492,65.41103,3077,DI   380  65
2007-05-01,BE,BLILLO12,BLILLO11,1,2,0,0,0,999999,LILLO380 //
2007-05-01,BE,BLILLO12,BLILLO14,2,2,0,0,0,999999,LILLO380 //
2007-05-01,BE,BLILLO12,BZANDV15,6,0,0.2837,4.8541,60.48688,2375,DI   380  66
2007-05-01,BE,BLINT 31,BPUTTE31,1,0,1.3181,4.3389,31.07556,757,DI 150 51 LI
2007-05-01,BE,BLINT 31,BSCHD+3R,7,0,1.1500,4.5770,33.25800,898,DI 150 17 LI
2007-05-01,BE,BLINT 31,BSCHD+32,8,0,1.1500,4.5770,33.25800,951,DI 150 18 LI
2007-05-01,BE,BLINT 31,BSIDAL31,9,0,0.3699,2.3699,17.39556,959,DI 150 319 L
2007-05-01,BE,BLINT 32,BLINT 31,1,7,0,0,0,999999,LINT 150 //
2007-05-01,BE,BLINT 32,BMORTS31,9,0,0.7450,3.7399,26.60444,898,DI 150 19 LI
2007-05-01,BE,BLINT 32,BMORTS32,1,0,0.7450,3.7399,26.60444,898,DI 150 20 LI
2007-05-01,BE,BLINT 32,BPUTTE32,2,0,1.3201,4.3360,30.99556,757,DI 150 52 LI
2007-05-01,BE,BLINTT1R,BMERCA1A,9,0,0.6541,6.9196,73.80055,2318,DI 380 59 LI
2007-05-01,BE,BLINTT12,BMASSE11,1,0,0.4606,4.5602,50.16759,2319,DI   380  61
2007-05-01,BE,BLINTT12,BMERCA11,1,0,0.6541,6.9196,73.80055,2317,DI   380  61
2007-05-01,BE,BLIXHE32,BLIXHE31,1,2,0,0,0,999999,LIXHE150 //
2007-05-01,BE,BLIXHE12,BLIXHE11,1,2,0,0,0,999999,LIXHE380 //
2007-05-01,BE,BLIXHE12,BVANYK16,1,0,2.0695,16.526,192.9604,2224,DI   380  91
2007-05-01,BE,BLOMME31,BOVERP31,1,0,1.3700,5.3100,37.00444,735,DI 150 121 L
2007-05-01,BE,BMACHE31,BVERBR3B,7,0,0.3400,1.6601,312.8000,1039,DI 150 67 MA
2007-05-01,BE,BMACHE31,BWOLUW31,9,0,0.2512,1.2873,993.5583,1032,DI 150 69 MA
2007-05-01,BE,BMACHE32,BMACHE31,1,2,0,0,0,999999,MACHE150 //
2007-05-01,BE,BMACHE32,BVERBR32,8,0,0.3400,1.6601,217.7778,1039,DI 150 68 MA
2007-05-01,BE,BMAERL11,BMAERL12,1,2,0,0,0,999999,MAERL380 //
2007-05-01,BE,BMALDR3R,BSCHEL3_,1,0,1.6520,4.8380,32.99280,714,DI 150 0 MAL
2007-05-01,BE,BMALDR3R,BTERL+32,1,0,0.8195,2.2660,15.31200,735,DI 150 0 MAL
2007-05-01,BE,BMALDR32,BSCHEL31,A,0,1.6520,4.8380,32.99280,704,DI 150 1 MAL
2007-05-01,BE,BMALDR32,BTERL+3R,A,0,0.7571,2.3867,15.15808,734,DI 150 1 MAL
2007-05-01,BE,BMALEC32,BMALEC31,1,2,0,0,0,999999,MALEC150 //
2007-05-01,BE,BMALLE31,BMASSE31,5,0,1.1529,5.9589,42.57778,1016,DI 150 225 M
2007-05-01,BE,BMALLE31,BRIJKE31,5,0,0.3663,1.8530,355.8700,942,DI 150 225 M
2007-05-01,BE,BMALLE32,BMASSE31,6,0,1.1860,6.1200,43.60000,1016,DI 150 226 M
2007-05-01,BE,BMALLE32,BSJOB 31,6,0,1.3941,6.0001,42.80000,1016,DI 150 226 M
2007-05-01,BE,BMARC+2R,BMARCO21,1,0,0.0508,0.1800,1.958678,1127,DI 220 501 M
2007-05-01,BE,BMARC+2R,BRIMIE22,1,0,3.2302,11.300,124.1074,1127,DI 220 501 M
2007-05-01,BE,BMARC+2R,BSENO+2R,1,0,2.2801,8.0402,87.52066,1127,DI 220 501 M
2007-05-01,BE,BMARQ+3R,BMARQU31,1,0,0.0171,0.0839,0.604444,551,DI 150 50 MA
2007-05-01,BE,BMASSE31,BOELEG3R,3,0,0.3159,1.6319,11.60000,959,DI 150 213 M
2007-05-01,BE,BMASSE32,BMASSE31,1,2,0,0,0,999999,MASSE150 //
2007-05-01,BE,BMASSE32,BOELEG32,4,0,0.3159,1.6319,11.66222,959,DI 150 214 M
2007-05-01,BE,BMASSE11,BMEERH11,1,0,1.0079,10.660,125.4003,2317,DI   380  21
2007-05-01,BE,BMASSE11,BMERCA1B,1,0,1.0917,11.545,123.1994,2317,DI   380  60
2007-05-01,BE,BMCHIN31,BMHIN+3R,9,0,0.0949,0.2270,1.377778,591,DI 150 99 MC
2007-05-01,BE,BMECHL31,BMECHL3R,1,2,0,0,0,38486,MECHL150 +T4
2007-05-01,BE,BMEERH32,BMEERH31,1,7,0,0,0,999999,MEERH150 //
2007-05-01,BE,BMEERH11,BMEERH12,1,2,0,0,0,999999,MEERH380 //
2007-05-01,BE,BMEERH11,BVANYK15,3,8,1.7819,18.860,220.8615,2317,DI   380  23
2007-05-01,BE,BMEERH12,BVANYK15,4,0,2.1808,18.709,201.7832,3814,DI   380  24
2007-05-01,BE,BMERCA31,BSCHEL31,3,0,0.2201,2.5601,17.79556,1509,DI 150 123 M
2007-05-01,BE,BMERCA31,BZELI+3R,7,0,1.4600,7.2999,57.60000,714,DI 150 137 M
2007-05-01,BE,BMERCA32,BMERCA31,1,2,0,0,0,999999,MERCA150 //
2007-05-01,BE,BMERCA32,BSCHEL3_,2,0,0.2394,2.5578,17.51750,1509,DI 150 122 M
2007-05-01,BE,BMERCA32,BWALGO3R,2,0,0.2979,2.0491,14.79111,1211,DI 150 172 M
2007-05-01,BE,BMERCA32,BWALGO32,9,0,0.2909,2.0491,14.79111,1159,DI 150 9 MER
2007-05-01,BE,BMERCA11,BMERCA12,A,2,0,0,0,999999,MERCA380 //
2007-05-01,BE,BMERCA11,BRODE+1S,3,0,0.6151,10.934,121.7135,4517,DI   380  73
2007-05-01,BE,BMERCA1B,BMERCA11,1,2,0,0,0,999999,MERCA380 //
2007-05-01,BE,BMERCA12,BRODE+1R,4,0,0.6151,10.934,121.7135,4260,DI   380  74
2007-05-01,BE,BMERCA1A,BMERCA1B,B,2,0,0,0,999999,MERCA380 //
2007-05-01,BE,BMERCA1A,BMERCA12,2,2,0,0,0,999999,MERCA380 //
2007-05-01,BE,BMERCH32,BTERL+32,2,0,0.3425,1.0150,7.055000,735,DI 150 0 MER
2007-05-01,BE,BMERCH3R,BTERL+3R,1,0,0.3425,1.0150,7.055000,735,DI 150 1 MER
2007-05-01,BE,BMERKS31,BLILLO32,7,0,0.8219,5.6103,496.1220,1130,DI 150 107 L
2007-05-01,BE,BMERKS31,BNDOKS31,7,0,0.2144,0.5146,238.2489,770,DI 150 247 M
2007-05-01,BE,BMERKS31,BOELEG3R,3,0,0.7700,3.9800,28.44444,959,DI 150 213 M
2007-05-01,BE,BMERKS31,BWOMM+3R,7,0,0.6599,2.2500,16.20444,714,DI 150 27 ME
2007-05-01,BE,BMERKS32,BMERKS31,1,2,0,0,0,999999,MERKS150 //
2007-05-01,BE,BMERKS32,BNDOKS32,8,0,0.2133,0.5121,237.0489,770,DI 150 248 M
2007-05-01,BE,BMERKS32,BOELEG32,4,0,0.7700,3.9800,28.44444,959,DI 150 214 M
2007-05-01,BE,BMERKS32,BWOMM+32,8,0,0.6113,2.2261,16.16614,714,DI 150 28 ME
2007-05-01,BE,BMEWST31,BPEKK+32,2,0,0.1850,0.9549,6.826667,959,DI 150 190 M
2007-05-01,BE,BMEWST32,BPEKK+3R,1,0,0.1800,0.9601,6.817779,959,DI 150 191 M
2007-05-01,BE,BMHIN+3R,BSEILL31,9,0,1.9341,4.4980,27.60000,591,DI 150 99 MH
2007-05-01,BE,BMOEN+3R,BMOUSC34,7,0,0.4730,3.2949,23.74222,1101,DI 150 157 M
2007-05-01,BE,BMOEN+3R,BRUIEN33,7,0,0.5326,3.7574,44.26556,1101,DI 150 157 M
2007-05-01,BE,BMOEN+3R,BZWEVG32,7,0,0.1399,0.9999,7.395555,1143,DI 150 157 M
2007-05-01,BE,BMOEN+32,BMOUSC34,8,0,0.4651,3.2699,23.60889,1143,DI 150 257 M
2007-05-01,BE,BMOEN+32,BRUIEN32,8,0,0.5319,3.7431,27.02222,1143,DI 150 257 M
2007-05-01,BE,BMOEN+32,BZWEVG31,8,0,0.1399,0.9999,7.395555,1143,DI 150 257 M
2007-05-01,BE,BMOL  31,BMOL  32,1,2,0,0,0,999999,MOL 150 // 1
2007-05-01,BE,BMOL  31,BPOEDE3R,3,0,2.3532,7.6528,57.47253,704,DI 150 23 MO
2007-05-01,BE,BMOL  32,BPOEDE3U,4,0,2.3443,7.6427,54.43250,704,DI 150 24 MO
2007-05-01,BE,BMOLEN31,BMOLEN32,1,7,0,0,0,999999,MOLEN150 //
2007-05-01,BE,BMOLEN3B,BMOLEN3C,2,2,0,0,0,999999,MOLEN150 //
2007-05-01,BE,BMOLEN3C,BMOLEN3A,1,2,0,0,0,999999,MOLEN150 //
2007-05-01,BE,BMOLEN3C,BQDEME3R,2,0,0.0801,0.2000,299.6000,924,DI 150 262 M
2007-05-01,BE,BMONCE31,BTHUIL37,7,0,0.7081,5.0159,45.60000,1248,DI 150 57 MO
2007-05-01,BE,BMONCE33,BMONCE31,1,2,0,0,0,999999,MONCE150 //
2007-05-01,BE,BMONCE33,BMONTI31,7,0,0.9773,2.5641,30.65367,1124,DI 150 77 MO
2007-05-01,BE,BMONCE33,BTHYCH3R,2,0,0.8399,2.3101,1218.000,670,DI 150 362 M
2007-05-01,BE,BMONCE2R,XMO_CH21,8,0,1.6625,5.8584,38.23940,1121,DI 220 48 CH
2007-05-01,BE,BMONTI31,BPONT+3R,8,0,0.4880,1.6789,35.79556,735,DI 150 78 MO
2007-05-01,BE,BMORTS31,BWOMM+32,8,0,0.6992,2.5429,17.80155,714,DI 150 28 MO
2007-05-01,BE,BMORTS31,BZUREN31,1,0,0.0990,0.7136,498.5326,1135,DI 150 101 M
2007-05-01,BE,BMORTS32,BMORTS31,1,2,0,0,0,999999,MORTS150 //
2007-05-01,BE,BMORTS32,BWOMM+3R,7,0,0.7499,2.5400,17.60000,714,DI 150 27 MO
2007-05-01,BE,BMORTS32,BZUREN32,3,0,0.1539,0.5859,294.0000,1020,DI 150 263 M
2007-05-01,BE,BMOUSC33,BMOUSC34,2,7,0,0,0,999999,MOUSC150 //
2007-05-01,BE,BMOUSC34,BWVLGM31,6,0,1.5399,3.7199,24.99556,551,DI 150 236 M
2007-05-01,BE,BMZLR+3R,BPITEM3T,8,0,0.2500,0.6201,4.257778,551,DI 150 168 M
2007-05-01,BE,BMZLR+3R,BTIELT31,8,0,0.4700,2.4230,17.35111,959,DI 150 168 M
2007-05-01,BE,BMZLR+32,BPITEM3U,2,0,0.2429,0.2859,4.439443,551,DI 150 192 M
2007-05-01,BE,BMZLR+32,BTIELT31,2,0,0.4650,2.5319,17.89725,959,DI 150 192 M
2007-05-01,BE,BNEUVI31,BVALE+3R,7,0,1.6101,5.4380,37.53778,714,DI 150 57 NE
2007-05-01,BE,BNIEUW32,BNIEUW31,1,7,0,0,0,999999,NIEUW150 //
2007-05-01,BE,BNINO+3R,BNINOV32,9,0,0.1521,0.4181,220.4000,770,DI 150 159 N
2007-05-01,BE,BNIVEL31,BVIEU+3R,7,0,0.4100,1.3700,9.475554,922,DI 150 347 N
2007-05-01,BE,BNIVEL32,BVIEU+32,6,0,0.4030,1.4420,9.955556,735,DI 150 346 N
2007-05-01,BE,BNORDL31,BZANDV32,3,0,0.0173,0.0500,81.92843,2271,DI 150 383 N
2007-05-01,BE,BOBOU+3R,BOBOUR32,7,0,0.0601,0.2000,1.422222,714,DI 150 87 OB
2007-05-01,BE,BOBOU+3R,BVHAIN33,7,0,0.4799,2.5000,18.25778,714,DI 150 87 OB
2007-05-01,BE,BOBOUR31,BVHAIN31,3,0,0.9401,3.1900,22.00000,714,DI 150 53 OB
2007-05-01,BE,BOOSTR31,BSDALE31,8,0,0.1380,0.7552,716.6723,1130,DI 150 358 O
2007-05-01,BE,BOS1ST21,BOS1ST22,1,2,0,0,0,999999,OS1ST220 //
2007-05-01,BE,BOS1ST21,BOS2ST21,6,0,0.1670,0.4490,326.2311,1050,DI 220 6 OS1
2007-05-01,BE,BOS1ST21,BSTEVN2B,5,0,1.4920,4.1770,3129.521,1050,DI 220 5 OS1
2007-05-01,BE,BOS1ST21,BWP3OS21,5,0,0.3598,1.6054,1042.982,1001,DI 220 15 OS
2007-05-01,BE,BOS1ST22,BSTEVN21,1,0,1.5270,4.0980,3122.743,1050,DI 220 11 OS
2007-05-01,BE,BOS1ST22,BWP1OS21,3,0,0.4046,0.9157,379.3661,1000,DI 220 13 OS
2007-05-01,BE,BOS1ST22,BWP2OS21,4,0,1.2374,2.8004,1160.183,1000,DI 220 14 OS
2007-05-01,BE,BOS2ST21,BSTEVN2A,4,0,1.9939,4.5707,2884.342,1001,DI 220 4 OS2
2007-05-01,BE,BOUDNA31,BWORTG3R,4,0,0.6010,3.1041,21.84000,959,DI 150 154 O
2007-05-01,BE,BOUDNA32,BWORTG33,6,0,0.6001,3.1001,22.20444,959,DI 150 26 OU
2007-05-01,BE,BOVERP31,BUMOVE3R,5,8,0.1120,0.4201,2.817778,735,DI 150 255 O
2007-05-01,BE,BOVERP31,BUMOVE32,6,0,0.1120,0.4201,2.817778,735,DI 150 256 O
2007-05-01,BE,BPACHE32,BPACHE31,1,2,0,0,0,999999,PACHE150 //
2007-05-01,BE,BPEKK+32,BWVLGM31,1,0,0.2999,1.5201,11.09333,959,DI 150 190 P
2007-05-01,BE,BPEMA+3R,BPEMAR3B,1,0,0.0110,0.0500,0.275000,1360,DI 150 41 PE
2007-05-01,BE,BPEMA+3R,BQUAR+32,1,0,0.1888,0.7053,4.719000,1360,DI 150 41 PE
2007-05-01,BE,BPEMA+3R,BZOGLI31,1,0,0.1701,0.6291,4.266667,704,DI 150 41 PE
2007-05-01,BE,BPEMA+32,BPEMAR31,2,0,0.0129,0.0500,0.321750,1360,DI 150 42 PE
2007-05-01,BE,BPEMA+32,BQUAR+3R,2,0,0.1888,0.7053,4.719000,1360,DI 150 42 PE
2007-05-01,BE,BPEMA231,BVHAIN33,7,0,0.2895,1.8220,1673.001,1130,DI 150 427 P
2007-05-01,BE,BPEMA232,BPEMA231,1,2,0,0,0,999999,PEMA2150 //
2007-05-01,BE,BPEMA232,BVHAIN34,8,0,0.2895,1.8220,1673.001,1130,DI 150 428 P
2007-05-01,BE,BPETRO31,BZUREN32,1,0,0.1070,0.3731,781.0186,1340,DI 150 371 P
2007-05-01,BE,BPLATE31,BVALE+3R,7,0,0.6669,2.3900,16.49778,735,DI 150 57 PL
2007-05-01,BE,BPONT+3R,BPORTP32,8,0,0.0549,0.2700,1.928889,905,DI 150 78 PO
2007-05-01,BE,BPORTF31,BTERGN3R,7,0,0.0920,0.4901,498.8178,1817,DI 150 367 P
2007-05-01,BE,BQUAR+32,BTRIVI32,1,0,2.9030,8.8578,60.99901,632,DI 150 41 QU
2007-05-01,BE,BQUAR+3R,BTRIVI31,2,0,2.9025,8.8566,61.14433,632,DI 150 42 QU
2007-05-01,BE,BRELE+3R,BRELEG3R,1,0,0.2401,0.8001,5.600000,714,DI 150 160 R
2007-05-01,BE,BRIJKE31,BRIJKE32,1,2,0,0,0,999999,RIJKE150 //
2007-05-01,BE,BRIMIE28,BRIMIE21,1,2,0,0,0,26241,RIMIE220 +T
2007-05-01,BE,BRIMIE22,BRIMIE21,1,2,0,0,0,999999,RIMIE220 //
2007-05-01,BE,BRIMIE22,BSERAI21,3,0,0.6602,4.6299,31.80165,1099,DI 220 533 R
2007-05-01,BE,BRODE+1S,BRODEN13,3,0,0.0095,0.1001,1.162946,2461,DI   380  73
2007-05-01,BE,BRODE+1R,BRODEN11,4,0,0.0144,0.1444,0,2317,DI   380  74
2007-05-01,BE,BRODEN31,BSIDMA31,2,0,0.5900,3.2200,23.20000,959,DI 150 102 R
2007-05-01,BE,BRODEN31,BSIDMA32,3,0,0.5900,3.2200,23.20000,959,DI 150 103 R
2007-05-01,BE,BRODEN31,BSIDMA32,7,0,0.0966,0.7060,1378.318,2163,DI 150 407 R
2007-05-01,BE,BRODEN33,BRODEN31,1,2,0,0,0,999999,RODEN150 //
2007-05-01,BE,BROMSE21,BROMSS21,6,0,0.0048,0.0500,0,10600,DI 220 536 R
2007-05-01,BE,BROMSE21,BROMSS22,7,0,0.0048,0.0500,0,1248,DI 220 537 R
2007-05-01,BE,BROMSE21,BSART+21,A,0,0.5162,3.6424,89.21392,1099,DI 220 530 R
2007-05-01,BE,BROUVR21,BSMARD21,8,0,0.0542,0.2802,2.000000,943,DI 220 518 R
2007-05-01,BE,BRUIEN31,BWORTG3R,4,8,0.5200,3.5399,23.39556,1101,DI 150 154 R
2007-05-01,BE,BRUIEN33,BRUIEN32,3,2,0,0,0,999999,RUIEN150 //
2007-05-01,BE,BRUIEN33,BWATT+3R,3,0,3.0010,10.100,69.96445,714,DI 150 43 RU
2007-05-01,BE,BRUIEN33,BWORTG33,6,0,1.0800,3.5901,25.40444,714,DI 150 26 RU
2007-05-01,BE,BRUIEN33,BWORTG32,3,0,0.5200,3.5399,23.39556,1101,DI 150 153 R
2007-05-01,BE,BSART 21,BSART+21,1,0,0.0236,0.1672,1.520000,1161,DI 220 530 S
2007-05-01,BE,BSART+21,BSERAI22,A,0,0.3271,2.3210,80.07169,1099,DI 220 530 S
2007-05-01,BE,BSCARB31,BVERBR3A,3,0,1.0170,4.8940,34.75555,898,DI 150 63 SC
2007-05-01,BE,BSCARB32,BSCARB31,1,2,0,0,0,999999,SCARB150 //
2007-05-01,BE,BSCARB32,BVERBR3C,2,0,1.0220,4.9160,34.94222,898,DI 150 62 SC
2007-05-01,BE,BSCHD+3R,BSCHED31,7,0,0.0830,0.3550,2.567176,959,DI 150 17 SC
2007-05-01,BE,BSCHD+3R,BSCHEL31,7,0,0.2561,1.2560,8.977777,898,DI 150 17 SC
2007-05-01,BE,BSCHD+32,BSCHED32,8,0,0.0913,0.3908,2.828160,1016,DI 150 18 SC
2007-05-01,BE,BSCHD+32,BSCHEL3_,8,0,0.3100,1.2369,8.909400,951,DI 150 18 SC
2007-05-01,BE,BSCHEL3_,BSCHEL31,1,2,0,0,0,999999,SCHEL150 //
2007-05-01,BE,BSCHEL3_,BUMHOB31,4,0,0.3933,1.1385,390.3330,566,DI 150 434 S
2007-05-01,BE,BSCHEL3_,BUMHOB32,5,0,0.3933,1.1316,389.8776,566,DI 150 435 S
2007-05-01,BE,BSCHIF23,XSC_SC21,1,0,0.0500,0.2000,0.850000,1290,DI 220 F 1 S
2007-05-01,BE,BSDALE31,BSTBAV31,1,0,0.0663,0.3630,343.5975,1130,DI 150 410 S
2007-05-01,BE,BSENO+2R,BVILLE22,1,0,0.6302,2.1499,8.491735,1127,DI 220 501 S
2007-05-01,BE,BSERAI22,BSERAI21,1,2,0,0,0,999999,SERAI220 //
2007-05-01,BE,BSIDMA32,BSIDMA31,1,2,0,0,0,999999,SIDMA150 //
2007-05-01,BE,BSIKE+32,BSIKEL32,6,0,0.0189,0.1591,1.137778,959,DI 150 206 S
2007-05-01,BE,BSIKE+3R,BSIKEL3R,7,0,0.0189,0.1591,1.137778,959,DI 150 207 S
2007-05-01,BE,BSLAAN31,BZWIJN32,2,0,0.4135,1.4229,9.872192,1073,DI 150 22 SL
2007-05-01,BE,BSLAAN32,BSLAAN31,1,2,0,0,0,999999,SLAAN150 //
2007-05-01,BE,BSLAAN32,BZWIJN31,1,0,0.3972,1.4196,9.872192,1073,DI 150 21 SL
2007-05-01,BE,BSLAAN33,BSLAAN31,3,2,0,0,0,999999,SLAAN150 //
2007-05-01,BE,BSLAAN34,BSLAAN32,2,2,0,0,0,999999,SLAAN150 //
2007-05-01,BE,BSLYKE31,BTHORN32,5,0,2.2610,4.3209,3087.271,801,DI 150 365 S
2007-05-01,BE,BSLYKE32,BSLYKE31,1,2,0,0,0,999999,SLYKE150 //
2007-05-01,BE,BSLYKE32,BTHORN31,6,0,2.4770,4.5410,2747.982,1012,DI 150 366 S
2007-05-01,BE,BSMARD21,BSMARS23,2,0,0.0048,0.0500,0,10600,DI 220 602 S
2007-05-01,BE,BSMARD21,BSMARS24,1,0,0.0048,0.0500,0,10600,DI 220 601 S
2007-05-01,BE,BSOLAN31,BSOLAN30,1,2,0,0,0,999999,SOLAN150 //
2007-05-01,BE,BSOLV231,BTERGN31,7,0,1.0791,2.9740,20.40000,591,DI 150 97 SO
2007-05-01,BE,BSOLV33R,BTERGN32,8,0,1.0400,3.6900,25.40444,689,DI 150 98 SO
2007-05-01,BE,BSTAD+32,BWESTR31,4,0,0.2511,1.3169,9.200000,959,DI 150 194 S
2007-05-01,BE,BSTAD+3R,BWESTR32,5,0,0.2274,1.3213,9.345819,959,DI 150 195 S
2007-05-01,BE,BSTALE33,BSTALE34,2,2,0,0,0,999999,STALE150 //
2007-05-01,BE,BSTAM+1R,BTERGN11,1,0,0.2325,2.4606,27.76039,2317,DI   380  31
2007-05-01,BE,BSTBAV31,BWORTG3R,4,0,0.8701,4.3400,30.99556,898,DI 150 154 S
2007-05-01,BE,BSTBAV31,BWORTG31,9,0,0.8701,4.3400,30.99556,898,DI 150 189 S
2007-05-01,BE,BSTEVN3R,BZEEBR31,3,0,0.0155,0.1225,285.8022,2139,DI 150 413 S
2007-05-01,BE,BSTEVN3S,BZEEBR32,4,0,0.0111,0.1050,306.4253,2139,DI 150 414 S
2007-05-01,BE,BSTEVN21,BSTEVN2B,1,2,0,0,0,999999,STEVN220 //
2007-05-01,BE,BSTEVN21,BWP2ST22,3,0,0.3332,2.9908,2445.416,1095,DI 220 3 STE
2007-05-01,BE,BSTEVN2A,BSTEVN21,A,2,0,0,0,999999,STEVN220 //
2007-05-01,BE,BSTEVN2A,BSTEVN22,2,2,0,0,0,999999,STEVN220 //
2007-05-01,BE,BSTEVN22,BSTEVN2B,B,2,0,0,0,999999,STEVN220 //
2007-05-01,BE,BSTEVN22,BZNAAM21,1,0,1.7681,5.5471,2699.132,99495,DI 220 1 STE
2007-05-01,BE,BSTEVN11,BSTEVN1B,1,2,0,0,0,999999,STEVN380 //
2007-05-01,BE,BSTEVN1A,BSTEVN11,A,2,0,0,0,999999,STEVN380 //
2007-05-01,BE,BSTEVN1A,BSTEVN12,2,2,0,0,0,999999,STEVN380 //
2007-05-01,BE,BSTEVN12,BSTEVN1B,B,2,0,0,0,999999,STEVN380 //
2007-05-01,BE,BSTGIL3R,BZELEI3R,6,0,0.5900,3.0800,22.00000,959,DI 150 136 S
2007-05-01,BE,BSTGIL3U,BZELI+3R,7,0,0.5899,3.0800,22.00000,959,DI 150 137 S
2007-05-01,BE,BTERGN3R,BTERGN31,1,7,0,0,0,38486,TERGN150 379
2007-05-01,BE,BTERGN32,BTERGN31,1,2,0,0,0,999999,TERGN150 //
2007-05-01,BE,BTESSE32,BTESSE31,1,2,0,0,0,999999,TESSE150 //
2007-05-01,BE,BTHORN31,BTHORN32,F,7,0,0,0,999999,THORN150 //
2007-05-01,BE,BTHUIL37,BVALE+3R,7,0,0.5751,4.0729,37.02222,1248,DI 150 57 TH
2007-05-01,BE,BTIBIS11,BTIHA211,5,0,0.0304,0.3137,3.804355,2461,DI 380 15 TI
2007-05-01,BE,BTIEN+3R,BTIENE32,6,0,0.0499,0.3600,2.524444,938,DI 150 46 TI
2007-05-01,BE,BTIEN+3R,BWIJGM31,6,0,1.3201,9.6001,67.20000,938,DI 150 46 TI
2007-05-01,BE,BTIEN+32,BTIENE33,1,0,0.0700,0.3600,2.560000,938,DI 150 260 T
2007-05-01,BE,BTIEN+32,BWILSE31,1,0,3.2040,10.871,75.08444,714,DI 150 260 T
2007-05-01,BE,BTIHA+3R,BTIHAN31,3,8,0.1199,1.0289,6.862222,1341,DI 150 293 T
2007-05-01,BE,BTIHAN32,BTIHAN31,1,2,0,0,0,999999,TIHAN150 //
2007-05-01,BE,BTRIVI31,BVHAIN31,1,0,0.5179,1.0931,26.06222,1159,DI 150 71 TR
2007-05-01,BE,BTRIVI32,BTRIVI31,1,2,0,0,0,999999,TRIVI150 //
2007-05-01,BE,BVANYK17,XVY_MB12,7,0,0.1366,1.5757,22.88000,2317,DI   380  27
2007-05-01,BE,BVANYK16,BVANYK15,1,2,0,0,0,999999,VANYK380 //
2007-05-01,BE,BVANYK16,BZUTE+1R,2,0,0.7153,9.5477,114.3547,2119,DI   380  12
2007-05-01,BE,BVANYK18,XVY_MB11,8,0,0.1384,1.5778,22.95722,2223,DI   380  28
2007-05-01,BE,BVERBR3B,BVERBR3A,1,2,0,0,0,999999,VERBR150 //
2007-05-01,BE,BVERBR32,BVERBR3A,A,2,0,0,0,999999,VERBR150 //
2007-05-01,BE,BVERBR3C,BVERBR3B,B,2,0,0,0,999999,VERBR150 //
2007-05-01,BE,BVERBR3C,BVERBR32,2,2,0,0,0,999999,VERBR150 //
2007-05-01,BE,BVHAIN31,BVHAIN33,1,7,0,0,0,4,VHAIN150 LIN
2007-05-01,BE,BVHAIN33,BVHAIN3Z,1,1,0,2.9999,0,2267,VHAIN150 345
2007-05-01,BE,BVHAIN33,BVHAIN34,1,2,0,0,0,999999,VHAIN150 //
2007-05-01,BE,BVILLE22,BVILLE21,1,2,0,0,0,999999,VILLE220 //
2007-05-01,BE,BWIJGM31,BWINK+32,8,0,0.2639,1.9199,13.44000,938,DI 150 48 WI
2007-05-01,BE,BWILSE31,BWINK+3R,7,0,0.8406,3.7497,24.00771,714,DI 150 47 WI
2007-05-01,BE,BWINK+3R,BWINKS32,7,0,0.0120,0.0500,346.8400,670,DI 150 47 WI
2007-05-01,BE,BWINK+32,BWINKS31,8,0,0.0119,0.0500,348.0000,670,DI 150 48 WI
2007-05-01,BE,BWOMM+3R,BWOMME32,7,0,0.0099,0.0500,0.204444,714,DI 150 27 WO
2007-05-01,BE,BWOMM+32,BWOMME31,8,0,0.0100,0.0500,0.308711,714,DI 150 28 WO
2007-05-01,BE,BWORTG32,BWORTG31,1,2,0,0,0,999999,WORTG150 //
2007-05-01,BE,BZANDV30,BZANDV31,1,2,0,0,0,999999,ZANDV150 //
2007-05-01,BE,BZANDV32,BZANDV31,A,2,0,0,0,999999,ZANDV150 //
2007-05-01,BE,BZANDV14,XKR_ZA11,9,0,0.1772,1.9529,15.22050,2657,DI   380  29
2007-05-01,BE,BZANDV14,BZANDV18,1,0,0.0144,0.1444,0,15192,ZANDV380 29
2007-05-01,BE,BZANDV13,XKR_ZA12,A,0,0.1772,1.9529,15.22050,2657,DI   380  30
2007-05-01,BE,BZANDV13,BZANDV17,1,0,0.0144,0.1444,0,15192,ZANDV380 30
2007-05-01,BE,BZANDV15,BZANDV11,1,7,0,0,0,999999,ZANDV380 //
2007-05-01,BE,BZANDV16,BZANDV11,A,2,0,0,0,999999,ZANDV380 //
2007-05-01,BE,BZANDV1A,BZANDV15,B,2,0,0,0,999999,ZANDV380 //
2007-05-01,BE,BZANDV1A,BZANDV16,2,7,0,0,0,999999,ZANDV380 //
2007-05-01,BE,BZBINT3R,BZEEBR32,3,0,0.0950,0.0500,55.05778,924,DI 150 363 Z
2007-05-01,BE,BZBINT32,BZEEBR32,4,8,0.0155,0.1505,74.40000,1097,DI 150 364 Z
2007-05-01,BE,BZEEBR32,BZEEBR31,1,2,0,0,0,999999,ZEEBR150 //
2007-05-01,BE,BZELEI32,BZELI+3R,7,0,0.0200,0.1199,0.862222,959,DI 150 137 Z
2007-05-01,BE,BZUREN32,BZUREN31,1,2,0,0,0,999999,ZUREN150 //
2007-05-01,BE,BZWIJN32,BZWIJN31,1,2,0,0,0,999999,ZWIJN150 //
